LOGPcons,MACCSFP125,PCR,Psi_e_A,P_VSA_ppp_D,Mp,SpMin1_Bh(p),SHED_AL,SM12_AEA(ri),P_VSA_s_3,MATS5m,Actividad
4.206,1,1.5558,7.4928,0.0,0.7241,2.0559,8.0031,3.5699,49.315,-0.0105,Act1
4.0366,1,1.433,7.6061,0.0,0.6743,2.0294,4.4999,3.6647,20.3719,-0.0586,Act1
3.7141,1,1.5758,7.8305,32.8972,0.751,2.1331,7.0755,4.5414,48.5953,0.0109,Act1
3.4863,1,1.4919,8.1481,103.3774,0.7369,2.0368,12.023,3.988,60.1933,-0.1097,Act1
2.6063,1,1.4145,8.1694,34.4157,0.6855,2.0622,11.4095,3.9363,36.4458,-0.0395,Act1
2.373,0,1.3348,7.9405,60.6941,0.6726,2.0203,7.0378,3.7824,71.9066,-0.155,Act1
2.5649,0,1.3323,7.7564,32.8972,0.6703,2.0245,6.3533,3.7833,72.4454,-0.1411,Act1
5.0377,1,1.4034,7.4497,0.0,0.7273,2.0545,6.1075,3.6634,53.0186,0.1128,Act1
2.8109,1,1.3462,8.1136,68.9187,0.6461,2.0387,8.009,3.6139,33.1798,0.0697,Act1
4.1064,1,1.2669,7.9306,42.6833,0.6703,2.0752,9.4975,3.7557,40.5815,0.1037,Act1
3.5667,1,1.3971,7.5706,59.4689,0.6875,2.0742,7.7527,3.867,25.975,0.0984,Act1
4.1771,1,1.2877,7.5819,0.0,0.7072,2.0733,11.7584,3.8332,32.5122,0.0173,Act1
3.7967,1,1.2877,7.7656,0.0,0.6611,2.0744,11.2676,3.8332,39.9736,-0.0319,Act1
3.4968,1,1.2727,7.869,18.0108,0.6584,2.0558,10.7406,3.7557,43.6846,-0.0504,Act1
2.6541,1,1.4489,8.0076,34.7963,0.6911,2.0564,9.9759,3.7939,24.4545,-0.029,Act1
3.2334,1,1.3426,7.3382,18.0108,0.698,2.0544,0.0,3.6812,15.2768,-0.1718,Act1
2.6247,1,1.3486,7.8333,34.7963,0.671,1.9918,6.1236,3.2204,46.7201,-0.064,Act1
4.0342,1,1.2565,7.4066,0.0,0.6721,2.0629,7.1615,3.4313,20.8291,0.0683,Act1
2.01,1,1.282,7.8778,42.6833,0.6541,2.1003,5.9902,4.0722,54.2078,-0.0625,Act1
4.4,1,1.2598,7.419,18.0108,0.6306,2.1467,10.4728,4.104,52.7058,-0.0446,Act1
3.7174,1,1.2708,7.6042,85.3667,0.6434,2.0825,12.0364,3.4566,18.1862,0.0529,Act1
3.0417,1,1.5174,7.6989,34.7963,0.6827,2.0408,9.3035,4.5214,38.3317,0.102,Act1
4.2076,1,1.3427,7.4048,0.0,0.6434,2.0483,9.9303,3.4094,25.0586,0.1317,Act1
1.8905,0,1.3308,7.8966,18.0108,0.6457,2.0251,6.7036,3.7877,48.6232,-0.1854,Act-1
2.9361,1,1.5141,7.7895,18.0108,0.7172,2.128,7.0511,4.0095,21.1282,-0.1743,Act1
3.8155,1,1.5314,7.58,0.0,0.7071,2.0221,8.0863,3.8925,48.9065,0.0374,Act1
1.6443,1,1.3472,7.881,18.0108,0.7454,1.9763,5.4507,3.4198,40.0975,-0.0385,Act1
3.4464,1,1.292,7.8234,0.0,0.6784,2.0654,10.3396,3.9312,41.8013,-0.0531,Act1
1.2034,0,1.2084,8.0033,50.9079,0.6273,2.0601,8.7937,3.9421,29.727,0.0676,Act-1
2.8648,1,1.3306,7.7813,36.0215,0.7115,2.0149,2.6247,3.5032,42.4254,0.12,Act1
5.0799,1,1.6282,7.7056,18.0108,0.718,2.1266,12.8659,4.3125,36.2222,0.1024,Act1
4.3421,1,1.4089,8.0911,0.0,0.7105,2.0696,9.0147,4.6146,37.4905,-0.2191,Act1
4.0897,1,1.3878,7.8305,42.6833,0.6874,2.0303,8.2803,3.7533,33.163,0.1274,Act1
4.62,1,1.4896,7.8333,0.0,0.6846,2.0688,12.043,3.7027,46.0636,-0.1399,Act1
4.9589,1,1.5451,7.7742,36.0215,0.7063,2.1466,12.093,3.7234,33.4701,-0.0547,Act1
4.9886,1,1.422,7.714,60.6941,0.6858,2.0437,10.6786,3.6156,34.4058,0.0559,Act1
2.3197,1,1.2846,7.8073,42.6833,0.6624,2.0548,10.6879,3.8332,53.2094,0.1168,Act-1
2.557,1,1.2837,7.8048,42.6833,0.6523,2.0654,11.3111,3.9712,61.6384,0.1307,Act1
2.6137,1,1.313,7.8563,42.6833,0.6642,2.0546,8.6299,3.8235,39.8132,0.1135,Act-1
4.1174,1,1.3088,7.6944,0.0,0.6421,2.0574,11.0157,3.9436,64.5539,0.037,Act1
4.706,1,1.3572,7.9435,0.0,0.6852,2.0214,5.547,3.9826,39.3688,0.0368,Act1
3.7336,1,1.4697,7.5606,50.9079,0.682,2.0918,6.6298,3.7092,16.9921,0.053,Act-1
5.2246,1,1.5623,8.1571,18.0108,0.7791,2.0301,9.7078,4.0226,45.1407,0.0419,Act1
4.5416,1,1.5227,7.7815,18.0108,0.7187,2.0464,10.6738,3.9877,52.1907,0.0805,Act1
5.4878,1,1.4425,7.75,18.0108,0.7226,2.0709,11.1455,3.7872,65.6306,0.17,Act1
4.1477,1,1.5421,7.6092,0.0,0.673,2.1105,8.1722,3.9721,35.2726,-0.1535,Act1
4.3747,1,1.3724,7.8016,0.0,0.7008,2.0359,8.7721,3.6243,32.1915,-0.0299,Act1
3.0356,1,1.3092,7.8667,18.0108,0.6901,2.1282,12.7308,3.773,74.6514,0.0122,Act1
3.5985,1,1.3725,7.6838,50.9079,0.7282,2.1346,8.1588,3.7853,64.0387,0.1304,Act1
3.1685,1,1.3771,7.7778,50.9079,0.6901,2.1346,10.9512,3.8009,75.5074,0.014,Act1
5.0239,1,1.469,7.5255,18.0108,0.7018,2.1277,7.1766,4.0442,35.7061,-0.0592,Act1
3.6735,1,1.2966,7.9077,34.4157,0.7057,2.0468,7.2483,3.686,50.1793,0.0267,Act1
3.9654,1,1.2956,7.9891,34.4157,0.7315,2.039,7.1204,3.8756,51.1454,0.0052,Act1
2.9237,1,1.3073,7.8003,0.0,0.6695,2.0956,11.0141,3.7092,46.2388,-0.0364,Act1
3.2677,1,1.247,7.8704,18.0108,0.6888,2.0598,12.0286,3.7088,73.4674,-0.04,Act1
4.4179,1,1.4244,7.5893,18.0108,0.646,2.0433,10.7944,3.9356,36.6339,-0.1836,Act1
4.7604,1,1.4476,7.5517,18.0108,0.6818,2.1168,9.2612,3.6819,65.8538,-0.0646,Act1
5.0279,1,1.426,7.7832,0.0,0.7127,2.1025,10.0751,3.995,78.9289,-0.0162,Act1
3.4866,1,1.3044,8.0588,34.4157,0.7526,2.0392,6.4783,3.6633,45.4253,-0.0265,Act1
3.929,1,1.3055,7.9753,34.4157,0.7526,2.0431,6.5315,3.892,48.1653,-0.088,Act1
4.8287,1,1.2689,7.6687,36.0215,0.6793,2.065,9.4191,3.6529,33.8968,0.0236,Act1
4.7324,1,1.2689,7.8909,36.0215,0.6837,2.0647,8.3447,3.6529,39.8323,0.0194,Act1
3.8873,1,1.2974,7.9531,34.4157,0.7147,2.046,10.0446,3.9248,62.8242,0.0464,Act1
3.0612,1,1.3029,8.1,52.4265,0.7411,2.0474,10.1844,3.6828,50.614,0.0498,Act1
4.6737,1,1.2865,7.8833,16.405,0.7245,2.0648,7.7487,3.9193,51.6294,0.0914,Act1
4.9039,1,1.2761,7.7411,36.0215,0.6665,2.078,8.1998,3.8845,42.2573,0.0971,Act1
2.8825,1,1.307,7.7724,18.0108,0.6928,2.1074,6.8383,4.0502,49.5807,-0.1371,Act1
3.1425,1,1.3166,7.7222,18.0108,0.6669,2.0933,8.9011,3.7172,38.7476,0.005,Act1
6.0439,1,1.4278,8.3764,18.0108,0.706,2.0356,7.0709,3.8674,38.8814,-0.1215,Act1
2.3937,0,1.3064,8.0104,0.0,0.7075,2.0515,5.4963,3.7921,49.544,-0.2548,Act1
4.1996,1,1.5119,7.4405,0.0,0.6709,2.1814,9.6015,4.0186,28.2101,-0.0845,Act1
6.0067,1,1.4453,7.6465,54.0323,0.681,2.074,8.5265,3.7485,32.701,0.2041,Act-1
5.5931,1,1.4338,7.6847,54.0323,0.666,2.071,13.3935,3.7488,46.0014,0.0502,Act1
4.2983,1,1.3983,7.6506,18.0108,0.7135,2.003,10.9196,3.8731,66.7326,0.1023,Act1
1.6179,1,1.3778,7.9815,18.0108,0.6605,2.0701,8.609,4.0599,36.1666,-0.2752,Act1
4.7018,1,1.4088,7.9902,34.7963,0.7124,2.0318,11.1708,3.9201,91.072,-0.0028,Act1
5.201,1,1.3841,7.6004,18.0108,0.7146,2.0019,7.5177,3.874,68.0836,0.0349,Act1
5.5134,1,1.3851,7.8704,16.663,0.7567,2.0278,9.481,3.8963,73.9526,-0.0402,Act1
4.6256,1,1.3796,7.7745,16.663,0.7035,2.0386,10.408,3.814,76.7872,-0.058,Act1
3.519,1,1.2856,7.7525,36.0215,0.6402,2.0747,11.331,3.5931,39.9336,-0.05,Act1
4.2364,1,1.3845,7.8125,16.663,0.6922,2.0436,10.6498,3.8136,42.9497,-0.0179,Act1
3.9736,1,1.47,7.5139,18.0108,0.6767,2.1278,6.6044,3.9088,34.2634,-0.1132,Act1
4.421,1,1.4738,7.4493,18.0108,0.6818,2.1287,6.5161,3.8989,32.2055,-0.1775,Act1
5.2826,1,1.4581,7.8347,0.0,0.6989,2.078,11.8169,3.8836,53.6017,-0.0734,Act1
4.2855,1,1.2577,7.9905,18.0108,0.6813,2.0109,10.244,3.8112,81.1519,0.0642,Act1
4.7914,1,1.4771,7.8981,60.6941,0.7156,2.0869,13.2102,3.8127,75.5186,0.1192,Act1
4.4792,1,1.4122,7.5972,18.0108,0.6897,2.0157,7.2807,3.9432,62.9217,-0.3076,Act1
5.3853,1,1.475,7.569,18.0108,0.7073,2.0249,9.0675,3.9433,66.1073,-0.2649,Act1
4.0221,1,1.4158,7.6867,0.0,0.7169,2.0132,9.3231,3.7632,62.9063,-0.1036,Act1
4.2126,1,1.4473,7.7097,32.8972,0.6637,2.1595,9.9185,3.9666,45.0549,0.115,Act1
3.6567,1,1.5104,7.7692,0.0,0.68,2.0049,10.5632,4.1019,38.6308,0.1284,Act1
4.2023,1,1.3937,7.571,18.0108,0.6889,2.0531,10.2867,3.7957,34.239,0.0651,Act1
5.7147,1,1.5062,7.7598,0.0,0.7151,2.0366,12.063,3.9772,69.515,-0.039,Act1
3.1977,0,1.3124,7.9678,35.899,0.6773,2.0476,10.2709,3.8866,25.836,0.0349,Act1
3.3576,1,1.4239,8.2569,18.0108,0.7245,2.0502,8.2125,3.8883,30.1526,0.139,Act1
3.5402,1,1.4409,8.4772,18.0108,0.7332,2.0515,7.4101,3.919,36.7391,0.0952,Act1
3.0898,1,1.4018,8.0962,18.0108,0.7299,2.0528,11.3404,3.9046,54.1685,0.1202,Act1
4.2758,1,1.3012,7.7567,0.0,0.6786,2.0159,8.0213,3.6242,33.6295,-0.0027,Act1
3.9187,1,1.3061,7.7882,0.0,0.6848,2.0146,7.4706,3.6242,31.095,-0.0111,Act1
4.4744,1,1.3724,7.753,0.0,0.7111,2.0348,8.7721,3.6243,31.746,0.0052,Act1
4.5303,1,1.4153,8.0158,18.0108,0.6807,2.0739,8.3748,3.9786,42.9056,0.0954,Act1
3.2954,1,1.37,7.7333,18.0108,0.6398,2.0667,13.5021,3.7758,44.39,-0.1763,Act1
4.0736,1,1.3744,7.6131,0.0,0.6576,2.0445,11.3019,3.6441,36.949,-0.1298,Act1
4.7368,1,1.485,7.9409,18.0108,0.7398,2.0258,11.3235,3.7631,94.5162,-0.022,Act1
4.103,1,1.4149,7.8189,18.0108,0.7106,1.9928,11.1555,3.7745,68.0423,-0.0286,Act-1
4.7307,1,1.3945,7.5741,18.0108,0.6947,2.0406,7.1192,3.8351,60.9421,-0.0952,Act1
0.7305,1,1.2972,8.1233,18.0108,0.6868,1.9992,10.5106,3.8127,58.3083,-0.0166,Act1
3.7635,1,1.2584,7.7559,18.0108,0.6564,2.0749,14.3568,3.642,46.9945,-0.0238,Act1
2.8022,1,1.4045,7.9839,18.0108,0.6677,2.0871,11.6756,3.9094,47.2189,-0.1049,Act1
4.4254,1,1.4869,7.5677,18.0108,0.669,2.0504,12.3994,3.9115,68.7933,0.1227,Act1
2.3341,1,1.431,8.0,60.6941,0.6629,2.0121,10.7015,4.087,34.5828,-0.2315,Act1
4.911,1,1.4024,7.6667,60.6941,0.6563,2.0661,9.2064,3.6633,40.0679,0.105,Act1
5.0897,1,1.4463,8.0794,18.0108,0.7126,2.0638,7.9844,3.9377,55.9118,0.0617,Act1
5.9282,1,1.3973,7.9083,0.0,0.6795,2.0717,8.8412,3.8896,61.8492,0.0604,Act1
2.258,0,1.3276,8.1478,16.405,0.7322,2.0376,6.9418,4.0362,56.6111,-0.1117,Act1
1.3506,0,1.331,8.2767,16.405,0.7208,2.0403,7.4454,3.7711,55.0584,-0.332,Act1
4.5847,1,1.3669,7.7963,18.0108,0.6826,2.0093,12.5258,3.8935,72.7738,-0.1942,Act1
5.4691,1,1.3523,7.8819,0.0,0.6865,2.1234,9.6427,4.1886,43.8124,-0.0095,Act1
5.216,1,1.3582,7.8976,0.0,0.6913,2.1218,9.5222,4.1885,46.3469,-0.0242,Act1
4.0349,1,1.426,7.7024,18.0108,0.6661,2.0455,8.0117,3.8899,39.1281,-0.0195,Act1
3.907,1,1.3907,7.7222,18.0108,0.6625,2.0323,12.2732,3.6915,37.1678,-0.1838,Act1
3.8853,1,1.4594,7.7667,60.6941,0.6705,2.068,10.3591,3.6396,34.9498,-0.05,Act1
4.6202,1,1.4803,7.7323,60.6941,0.6677,2.0683,11.9235,3.6689,37.93,-0.048,Act1
3.4314,1,1.4037,7.7549,18.0108,0.6592,2.0322,14.1012,3.8009,44.5169,-0.1761,Act1
3.7644,1,1.4005,7.899,18.0108,0.6653,2.0322,12.2036,3.7745,48.3945,-0.1618,Act1
3.3389,1,1.396,7.7731,18.0108,0.6529,2.0323,15.6007,3.9097,49.7603,-0.1979,Act1
3.3389,1,1.4024,7.7731,18.0108,0.6529,2.0323,15.2645,4.0184,49.7603,-0.2632,Act1
3.7448,1,1.3953,7.7333,18.0108,0.6559,2.0322,15.3544,3.6915,49.1093,-0.1338,Act1
4.4725,1,1.4569,7.5811,18.0108,0.6564,2.0763,14.807,3.7775,45.5552,-0.0828,Act1
4.0267,1,1.5621,7.529,0.0,0.6899,2.1767,6.3478,3.8619,16.6017,-0.1357,Act1
4.809,1,1.4321,7.8012,54.0323,0.6973,2.0792,11.4713,3.8776,41.4938,0.0038,Act1
4.4305,1,1.4246,7.7583,54.0323,0.6725,2.0862,12.5108,3.8518,47.829,-0.0449,Act1
4.9348,1,1.4259,7.7265,54.0323,0.6756,2.0914,11.9539,3.8514,43.7133,0.0708,Act1
2.2963,1,1.4617,7.7348,18.0108,0.6567,2.038,7.1278,3.9103,27.8432,-0.1784,Act1
2.5006,1,1.4505,7.7029,18.0108,0.6516,2.0361,7.7497,3.9101,30.3777,-0.1984,Act1
4.6109,1,1.4069,7.6768,34.7963,0.6474,2.0675,14.0707,4.2843,50.4186,-0.1453,Act1
4.2484,1,1.4783,7.4646,18.0108,0.6805,2.0524,13.1715,3.669,58.8559,-0.1597,Act1
4.064,1,1.3571,7.8724,16.405,0.6644,2.0799,11.745,3.9383,41.9259,0.0271,Act1
4.0302,1,1.4041,7.8185,0.0,0.6818,2.0985,8.621,4.1678,37.1969,-0.0125,Act1
4.0914,1,1.5157,8.2839,18.0108,0.7015,2.0367,11.8306,3.956,58.4701,0.0449,Act1
3.6531,1,1.4115,7.87,32.8972,0.7117,2.0382,7.2364,3.9748,47.2477,-0.2678,Act1
2.9458,1,1.386,7.7917,0.0,0.6512,2.0029,9.8289,3.8053,48.2012,-0.1621,Act1
3.14,1,1.4133,7.8426,16.405,0.6879,2.051,10.8015,3.9705,30.8089,-0.0494,Act1
3.692,1,1.4178,7.8488,16.405,0.6879,2.0601,9.5997,3.9743,31.4599,-0.0482,Act1
3.4607,1,1.4142,7.8125,16.405,0.6818,2.0518,11.352,3.9705,35.4013,-0.0685,Act1
4.4735,1,1.3766,7.7284,18.0108,0.7111,2.0914,8.8779,3.9108,64.2904,-0.1456,Act1
4.5871,1,1.3668,7.7333,18.0108,0.6926,2.0906,10.7911,3.7748,66.3482,-0.1509,Act1
5.3192,1,1.3668,7.6806,18.0108,0.6912,2.093,11.2694,3.8855,64.2904,-0.0463,Act1
3.159,1,1.2571,7.3567,0.0,0.6866,2.0938,7.4543,3.7113,62.9128,-0.0105,Act1
4.3016,1,1.3713,7.4349,0.0,0.6829,2.1046,13.3632,3.7258,39.3567,0.0263,Act1
4.0741,1,1.3571,7.6863,18.0108,0.6522,2.0282,14.5265,3.638,50.3417,0.026,Act1
2.7768,1,1.3619,7.9779,0.0,0.6395,2.0631,13.0502,3.8337,42.3651,-0.1184,Act1
2.783,1,1.3613,7.6667,0.0,0.6556,2.0964,15.1802,3.8621,54.5688,-0.0948,Act1
3.2546,1,1.4555,7.8678,36.0215,0.7389,2.0562,12.5245,3.9487,91.8639,-0.0064,Act1
5.4436,1,1.4471,7.6369,18.0108,0.7005,2.035,7.2607,3.9129,25.2884,-0.0519,Act1
3.563,1,1.2646,7.6833,16.7855,0.6318,2.0785,11.0679,3.9312,50.9928,-0.1035,Act1
0.8341,1,1.2938,7.9508,32.8972,0.6706,2.0818,8.7923,3.5495,14.6294,0.0407,Act-1
2.3015,1,1.2925,8.1997,34.4157,0.7381,2.008,6.818,3.9857,47.531,-0.0798,Act1
3.3187,1,1.3274,7.9705,18.0108,0.6861,2.1064,11.3947,3.9425,37.0804,0.1056,Act1
3.8875,1,1.5537,8.1111,18.0108,0.7054,2.0548,8.8349,3.9456,38.8746,-0.0935,Act1
3.8684,1,1.2904,8.0188,18.0108,0.7354,2.0299,9.3727,3.5436,54.3336,0.0833,Act1
2.946,1,1.3129,7.8472,0.0,0.6716,2.0423,8.9161,3.9415,50.6151,0.0603,Act-1
3.5433,1,1.3996,7.6827,18.0108,0.6639,1.9932,9.4412,3.7726,55.4946,-0.0198,Act1
3.5722,1,1.2868,7.72,0.0,0.6609,2.099,8.2244,3.7564,17.2024,-0.059,Act1
4.2291,1,1.2722,7.75,60.6941,0.6717,2.099,12.0017,3.7571,41.6497,0.0516,Act-1
2.6593,1,1.2857,7.9983,78.7048,0.6531,2.0737,14.527,3.7571,42.9789,0.032,Act-1
4.6841,1,1.4139,7.7892,36.0215,0.7018,2.0398,11.7777,3.8204,74.2145,-0.1577,Act1
4.7118,1,1.3154,7.8418,0.0,0.7182,2.0508,9.8772,3.8768,75.1021,0.1113,Act1
4.5232,1,1.3164,7.8556,0.0,0.7071,2.054,10.064,4.0298,80.3455,0.0803,Act1
4.2322,1,1.5745,7.8137,34.6738,0.6995,2.1446,10.7063,4.0394,72.9232,0.084,Act1
4.9284,1,1.5644,7.7778,34.6738,0.6886,2.1451,10.8754,4.0394,74.558,0.038,Act1
5.0525,1,1.5737,7.6111,18.0108,0.7184,2.068,6.9376,3.8209,21.3504,0.0372,Act1
3.4415,1,1.5163,7.6197,18.0108,0.6924,2.0581,11.1091,3.8862,22.8051,0.0078,Act1
4.9385,1,1.4254,7.7097,66.3457,0.6907,2.0402,9.3863,3.8611,63.5343,0.0042,Act1
2.481,1,1.2872,8.0221,18.0108,0.6555,2.0342,12.3366,3.9334,50.7169,0.0376,Act1
3.1843,1,1.3121,7.7366,0.0,0.6564,2.0557,9.164,3.8262,49.649,0.0655,Act1
3.9307,1,1.3082,7.9453,18.0108,0.6736,2.0741,11.0428,3.7994,30.7326,0.0688,Act1
2.7935,1,1.3979,7.7654,50.9079,0.7204,2.1346,9.9481,3.7944,63.7237,0.0965,Act1
2.4768,1,1.2861,7.7429,0.0,0.6523,2.0564,10.8729,3.9415,63.6963,0.0461,Act1
3.8437,1,1.4128,8.0086,16.405,0.6684,2.059,9.0169,4.6204,42.4473,-0.1187,Act-1
4.3137,1,1.2184,7.79,96.7156,0.6591,2.0528,15.6495,3.4823,104.0159,0.0117,Act1
2.4133,0,1.2225,7.8574,32.8972,0.6775,2.0682,4.5032,3.2422,21.9578,-0.1354,Act1
3.5875,1,1.5005,7.7599,95.2453,0.656,2.0749,15.3468,3.9117,42.2368,-0.0286,Act-1
4.1396,1,1.385,7.4541,0.0,0.7223,2.0406,7.0986,3.7317,55.5147,0.2052,Act1
4.0814,1,1.4291,7.6026,0.0,0.6549,2.0658,11.4052,3.5783,33.0257,0.0841,Act1
6.8111,1,1.5173,7.5072,18.0108,0.6799,2.1306,10.9364,3.8205,31.8036,0.0598,Act1
3.9807,1,1.4616,7.6379,0.0,0.646,2.1426,8.264,4.1017,51.0825,-0.1493,Act1
5.1307,0,1.4309,7.6543,60.6941,0.6191,1.9563,15.9863,2.5332,27.0866,0.0233,Act1
3.2525,0,1.1932,7.4977,60.6941,0.6398,2.023,7.5423,3.0743,33.7405,-0.0035,Act1
3.5512,1,1.3262,7.5234,0.0,0.6769,2.057,6.4142,3.4261,14.0832,0.0739,Act1
2.2891,0,1.1002,8.0645,0.0,0.6321,2.1532,7.8929,3.5972,40.0312,-0.1384,Act1
4.3099,1,1.3988,7.85,85.3667,0.6779,2.0725,7.9587,3.7249,17.8114,-0.0295,Act1
6.0115,1,1.3721,7.7444,17.8882,0.7189,2.0239,7.9307,3.8519,41.6629,0.0061,Act1
2.7412,1,1.3829,7.9195,52.807,0.643,1.9707,10.6988,4.1111,47.9657,0.048,Act1
4.9104,0,1.1543,7.1914,0.0,0.618,2.1046,11.0771,2.8702,47.4884,-0.0531,Act1
5.4216,1,1.6066,7.934,36.0215,0.7033,2.1278,15.3275,4.4234,54.6391,-0.0847,Act1
4.6208,1,1.4336,7.7139,18.0108,0.6777,2.1278,10.2549,3.8831,46.3376,0.1043,Act1
2.0875,1,1.4378,7.8148,16.7855,0.6753,2.0214,9.547,4.1398,24.6381,-0.1265,Act1
5.0614,1,1.2627,7.4063,18.0108,0.6531,2.0918,12.3317,3.8618,75.8731,-0.0847,Act1
4.3984,1,1.5696,7.3988,18.0108,0.6853,2.1968,11.0294,3.7981,26.1273,0.0973,Act-1
2.6881,1,1.3561,7.8715,36.0215,0.7937,1.9774,3.7798,3.7958,50.9388,0.0153,Act1
3.4517,1,1.4865,8.2698,42.6833,0.7119,2.0019,6.7589,3.8552,26.9355,-0.1087,Act1
1.4949,0,1.0329,8.0159,36.0215,0.5992,2.0333,10.3995,3.4228,47.5986,-0.1076,Act1
4.056,1,1.3424,7.413,0.0,0.67,2.0682,6.0125,3.6687,50.2893,-0.1153,Act1
2.1851,1,1.3195,8.2354,78.1922,0.6563,2.0844,8.5848,4.3723,57.554,0.0812,Act1
3.1409,0,1.0692,7.3922,60.6941,0.6073,2.1546,10.4728,3.2856,40.7425,0.0089,Act1
-0.1618,0,1.3299,8.0119,50.9079,0.685,2.0342,3.9203,3.2233,13.8325,-0.0292,Act-1
0.7898,0,1.3299,7.9405,50.9079,0.688,2.0409,4.7568,3.2233,13.8325,-0.0728,Act1
0.8702,0,1.3082,7.8431,50.9079,0.6575,2.0561,4.945,3.5127,16.5893,-0.0109,Act1
2.8905,1,1.6161,7.598,36.0215,0.7058,2.1151,11.5308,4.3523,65.0117,0.1566,Act1
1.3353,0,1.2096,8.0167,78.4598,0.5972,2.0175,8.2692,2.9707,20.2221,-0.1247,Act-1
4.4928,1,1.41,7.5202,0.0,0.7205,1.9802,7.1819,3.7311,57.1343,0.1817,Act1
3.7536,1,1.453,7.8953,60.6941,0.6908,2.1261,8.5746,3.7359,27.0715,0.0763,Act-1
3.4684,1,1.543,7.8623,0.0,0.7747,2.0086,8.421,3.8359,83.6943,-0.0557,Act1
3.6484,1,1.6153,7.64,0.0,0.7802,1.9921,9.7519,4.3587,84.2457,0.0092,Act1
3.5699,1,1.2301,7.3,0.0,0.6732,2.0675,5.4507,3.4399,46.779,0.1604,Act1
3.702,1,1.4594,7.4545,34.6738,0.6714,2.032,8.3199,3.6142,22.896,0.0407,Act1
4.0641,1,1.3446,7.9505,18.0108,0.653,2.1178,12.8952,3.9125,46.7814,-0.0801,Act1
3.513,1,1.3917,7.6071,18.0108,0.6972,2.0645,10.2228,3.7067,58.189,0.1489,Act-1
1.7732,1,1.3266,7.7533,32.8972,0.6551,2.0837,7.1595,3.6788,41.4982,-0.0367,Act1
3.3784,1,1.2854,7.6358,0.0,0.6638,2.0193,9.6359,3.7071,79.5928,-0.2171,Act1
2.8657,1,1.293,7.7667,42.6833,0.674,2.0155,8.9853,3.7071,68.7189,-0.152,Act1
2.5604,1,1.2895,7.5652,50.9079,0.6765,2.0621,8.1232,3.6647,19.7343,-0.0242,Act-1
3.5042,1,1.3494,7.4907,18.0108,0.7259,2.015,4.6955,3.4441,13.6238,-0.0748,Act1
4.0687,1,1.4497,7.6857,95.3679,0.6558,2.0651,11.4969,4.0144,55.4691,0.1905,Act-1
3.2268,1,1.3339,8.3067,34.4157,0.7144,2.0937,6.2608,3.913,35.8307,0.0731,Act1
2.7074,1,1.3325,8.2645,34.4157,0.6918,2.0938,6.042,3.8692,32.3301,0.0155,Act1
2.8818,1,1.3325,8.3563,34.4157,0.7253,2.0914,5.9064,3.8692,32.6451,0.0452,Act1
3.234,1,1.4495,8.143,81.3192,0.711,2.0664,8.3598,3.9003,37.9611,0.0389,Act1
3.7472,1,1.3947,7.5977,18.0108,0.6907,2.0305,10.7453,3.7443,56.5121,0.0836,Act1
4.1702,1,1.4391,7.5679,36.0215,0.6817,2.0729,11.8146,3.6926,34.5973,0.0901,Act1
3.9842,1,1.5068,7.7794,70.6953,0.7359,2.0209,10.2245,4.4023,65.0433,-0.0487,Act1
5.0205,1,1.3602,7.4948,0.0,0.6985,2.065,12.3131,3.942,105.6419,-0.1797,Act1
3.8077,1,1.4199,7.6406,18.0108,0.6433,2.147,10.5832,3.6761,42.4727,-0.0077,Act1
1.5845,1,1.3506,7.8409,42.6833,0.6457,2.1404,5.5761,3.3751,26.2736,0.1209,Act1
5.6407,1,1.4452,8.2044,0.0,0.7978,2.0472,6.5431,3.8941,73.968,-0.0111,Act1
3.7898,1,1.421,7.6543,18.0108,0.6512,2.0305,10.3913,3.9123,39.6759,-0.2117,Act1
4.5354,1,1.4257,7.7849,18.0108,0.6676,2.054,13.1338,3.9123,46.8923,-0.171,Act1
4.3929,1,1.4343,7.7586,0.0,0.6408,2.1063,11.1805,3.8154,33.3517,0.1263,Act1
4.5701,1,1.5471,7.922,34.4157,0.7353,2.0619,10.7195,3.9769,53.104,0.049,Act1
6.2597,1,1.6483,8.0074,18.0108,0.7111,2.1412,11.624,4.0523,27.4065,-0.0163,Act1
5.6828,1,1.649,7.5,18.0108,0.7146,2.1409,11.4947,3.8981,27.4065,-0.0336,Act1
6.3217,1,1.6492,7.4798,18.0108,0.7017,2.1429,11.5671,3.9526,27.4065,-0.0619,Act1
5.5887,1,1.649,7.6935,18.0108,0.721,2.1389,11.6681,3.8981,33.342,-0.0192,Act1
3.439,1,1.4834,8.5735,36.0215,0.6847,2.0584,12.6653,3.9938,32.6805,-0.1798,Act1
3.8894,1,1.4834,8.5735,36.0215,0.6847,2.0579,12.3952,3.9938,32.2517,-0.185,Act1
4.9185,1,1.5233,7.4635,36.0215,0.6848,2.0762,11.6533,3.8895,32.8432,-0.0959,Act1
5.2421,1,1.6495,7.5469,18.0108,0.7098,2.139,12.3789,3.916,29.4644,-0.0407,Act1
3.8855,1,1.3812,7.729,72.043,0.7145,2.0347,10.7284,3.697,69.0431,-0.0685,Act1
5.2305,1,1.5239,7.6667,59.4689,0.6968,2.0753,10.6072,4.0375,34.4497,-0.0826,Act1
6.583,1,1.647,7.4706,18.0108,0.6961,2.143,11.6731,3.9526,30.1633,-0.0165,Act1
4.8347,1,1.5385,7.5345,18.0108,0.6771,2.0792,11.9866,3.9029,22.2606,-0.0778,Act1
3.096,1,1.3826,8.0719,18.0108,0.7697,1.9507,6.2163,3.832,22.9835,-0.1837,Act1
1.5099,1,1.2426,7.9212,50.9079,0.6456,2.0603,13.3501,4.0165,39.1081,-0.0331,Act1
4.0025,1,1.3785,8.1861,18.0108,0.6983,2.0645,8.331,3.8831,55.6125,-0.0382,Act1
3.8867,1,1.4583,7.9949,136.2746,0.6751,2.0914,14.6472,4.0339,57.4086,0.158,Act1
5.7204,1,1.6052,7.9981,0.0,0.6938,2.1819,16.0399,4.3471,50.8134,0.037,Act1
3.8044,1,1.5268,7.9361,77.0991,0.7188,2.0519,12.413,4.3883,49.5106,0.04,Act1
5.4368,1,1.3307,6.942,0.0,0.6946,2.0927,6.2741,3.5799,53.5072,-0.0386,Act1
1.318,1,1.3117,7.94,83.8051,0.6694,2.038,7.6006,3.6417,67.6047,0.0629,Act-1
2.7636,1,1.4541,7.7267,34.6738,0.6805,2.0677,9.1569,3.7741,28.2267,-0.1302,Act1
-0.1677,0,1.303,7.9074,68.9187,0.6758,2.0236,5.8068,3.6876,62.2426,0.1097,Act-1
3.681,1,1.5425,8.0714,18.0108,0.7059,2.1043,11.2497,4.1594,31.7752,-0.0177,Act1
4.35,1,1.5503,7.8464,34.4157,0.7035,2.1359,11.3289,4.4224,36.7598,0.146,Act1
2.9723,1,1.2461,7.8173,0.0,0.6934,2.074,8.3643,4.0808,62.6474,-0.102,Act1
3.1416,1,1.5141,7.7018,18.0108,0.757,2.1225,7.4743,4.0095,44.2251,-0.1486,Act1
1.664,1,1.3987,7.5758,16.663,0.6998,1.9853,4.7107,3.0,6.3711,-0.0891,Act1
3.9822,1,1.4409,7.5208,36.0215,0.6837,2.0053,8.6977,3.6716,46.588,-0.0695,Act1
2.8172,1,1.3961,8.0679,51.2013,0.7248,2.0564,8.1148,3.7337,22.8242,-0.0545,Act1
3.6485,1,1.5808,8.1422,34.7963,0.7118,2.0549,11.0499,3.913,51.1255,-0.1072,Act-1
3.882,1,1.3691,7.4873,34.6738,0.6984,2.1064,9.2076,3.8242,25.5234,-0.0024,Act-1
4.2665,1,1.476,8.0278,18.0108,0.6739,2.1357,9.6118,4.1102,42.8141,0.057,Act1
3.9668,1,1.3839,7.5833,85.5817,0.6382,2.1022,11.4456,3.9647,41.7664,0.0625,Act1
3.3088,1,1.4517,7.7609,54.0323,0.6702,2.0661,12.7989,3.9427,42.5277,0.0851,Act1
5.0104,1,1.5474,7.5,36.0215,0.6981,2.1306,6.9419,3.4487,19.5267,0.0135,Act1
2.9944,1,1.3805,8.0952,35.899,0.6945,2.1308,6.6067,3.901,40.3448,0.1588,Act1
4.2849,1,1.2766,8.0685,18.0108,0.6639,2.0603,10.2052,3.8192,25.4544,-0.1544,Act1
4.4979,1,1.599,8.1902,77.0991,0.6917,2.1558,12.8212,4.3709,65.2463,-0.1386,Act-1
3.3417,1,1.5175,8.4688,34.6738,0.7059,2.0804,12.296,4.3797,23.7568,0.1175,Act1
4.5675,1,1.5677,7.6548,18.0108,0.6909,2.1263,12.0973,3.686,30.7755,-0.0185,Act1
5.4013,1,1.5245,8.1065,42.6833,0.7191,2.0833,13.3658,4.0207,37.5247,-0.0668,Act1
4.3582,1,1.4115,7.5859,18.0108,0.6726,2.1302,15.3399,3.9457,43.6884,0.0936,Act1
2.3882,1,1.3311,7.6085,18.0108,0.6754,2.0443,7.1406,3.6416,26.8439,-0.0429,Act1
5.1398,1,1.5867,8.112,60.6941,0.7335,2.021,14.1445,3.9258,44.639,0.0493,Act1
3.833,1,1.4007,8.0768,52.4265,0.7442,2.0539,10.3206,3.8795,33.1008,-0.061,Act1
3.5845,1,1.2952,8.391,0.0,0.6665,2.0911,7.2227,3.8458,14.89,0.107,Act1
4.9584,1,1.4091,7.6076,18.0108,0.676,2.0668,11.8352,3.6526,39.7463,-0.0154,Act1
2.9798,1,1.4623,7.904,0.0,0.7353,2.0666,6.4869,3.8968,22.1202,-0.1054,Act1
1.3231,1,1.4774,7.6905,16.7855,0.714,1.9926,4.8603,3.6149,12.065,-0.1044,Act-1
3.1749,1,1.5868,7.5269,34.6738,0.6889,2.1165,10.0953,4.3604,33.6123,0.1123,Act1
3.9588,1,1.1228,7.7273,36.0215,0.618,2.0423,17.4284,3.421,68.9898,-0.0925,Act1
3.1412,1,1.5046,8.0806,126.9482,0.6567,2.1183,16.257,3.7498,54.5265,0.0645,Act-1
3.4893,1,1.3006,7.5049,54.0323,0.6338,2.0609,15.1777,3.677,52.98,-0.0947,Act-1
4.1552,0,1.1527,7.5734,18.0108,0.6436,2.0792,8.8404,3.0701,37.235,0.0214,Act1
5.7176,1,1.42,7.7682,42.6833,0.6848,2.0774,10.8385,3.8882,36.968,-0.0011,Act1
2.3873,1,1.3536,8.45,18.0108,0.6492,2.0485,8.3023,3.6929,30.2077,-0.1688,Act1
4.3823,1,1.4038,8.0874,36.0215,0.651,2.0739,16.1321,3.7456,52.2408,0.1374,Act1
4.2516,1,1.2575,7.4667,0.0,0.6611,2.0719,13.3103,3.4565,71.6558,0.1598,Act1
4.8392,1,1.5219,8.2613,36.0215,0.6564,2.1167,13.7038,4.0469,40.0713,-0.0568,Act1
2.7097,1,1.5375,8.0028,16.405,0.7045,2.1057,11.2604,4.5513,26.9344,-0.1011,Act1
3.9641,1,1.5562,7.6867,34.7963,0.6987,2.0763,9.4494,3.7737,30.363,-0.0896,Act1
2.1414,1,1.4816,7.942,42.6833,0.6829,2.0302,7.6486,3.7651,20.7947,-0.0402,Act-1
4.6318,1,1.3993,7.5469,77.4796,0.6417,2.0884,14.1928,3.7734,26.6536,0.0339,Act1
4.9275,1,1.4259,7.5153,18.0108,0.6812,2.0218,10.3994,3.648,28.0257,-0.1304,Act1
3.2656,1,1.2317,7.5054,36.0215,0.6343,2.1377,12.2048,3.4627,41.6249,0.0685,Act-1
3.2057,1,1.2841,7.6444,18.0108,0.668,2.0367,9.121,3.5317,35.4174,-0.001,Act1
3.6875,1,1.391,7.6667,16.7855,0.6671,2.0555,6.9667,3.624,37.1586,0.0987,Act1
4.3698,1,1.4212,7.4462,18.0108,0.653,2.0325,9.8374,3.6811,27.2818,-0.0823,Act1
3.1151,1,1.2747,7.5222,18.0108,0.6372,2.1433,10.368,3.4693,32.1869,0.087,Act1
2.9312,1,1.2634,7.3448,18.0108,0.6416,2.1429,10.951,3.4445,36.667,0.1012,Act1
5.0034,1,1.414,7.7451,18.0108,0.6506,2.0887,15.4363,3.7994,31.6339,0.0485,Act1
3.7578,1,1.3119,7.5889,36.0215,0.6305,2.0842,11.8882,3.3953,32.502,0.055,Act1
2.684,1,1.374,7.9167,59.4689,0.6511,2.0323,10.8342,3.867,34.5564,-0.1955,Act1
5.3513,1,1.3156,7.4722,34.7963,0.6258,2.0868,9.6272,3.3872,29.9358,-0.0687,Act1
3.899,1,1.3152,7.6262,16.405,0.6749,2.1438,11.8198,4.0406,58.7599,0.0061,Act1
1.9807,1,1.405,7.5873,34.7963,0.6747,2.0049,7.4051,3.8525,23.8728,0.0442,Act1
3.6539,1,1.3481,8.2725,18.0108,0.6784,2.0717,11.385,3.8584,45.7659,0.0316,Act1
4.3134,1,1.3123,7.4905,18.0108,0.665,2.1433,12.0534,3.5085,67.3575,0.0743,Act1
2.9773,1,1.3559,7.6559,34.7963,0.6493,2.0494,9.6363,3.8647,42.8791,0.1455,Act1
2.6457,1,1.345,7.871,34.7963,0.6492,2.0371,10.1326,3.7854,39.5035,-0.0812,Act1
4.1146,1,1.3146,7.4568,18.0108,0.6294,2.0849,10.671,3.3955,23.5859,0.0952,Act1
0.9801,0,1.1878,7.9615,0.0,0.6529,2.023,11.2418,3.204,73.5235,-0.3548,Act1
1.8049,1,1.4087,7.7778,16.663,0.6858,2.0441,10.4792,3.6416,28.3721,0.0124,Act1
3.5058,1,1.3772,7.6528,16.7855,0.6875,2.0253,10.9371,3.9548,42.6885,-0.0262,Act1
3.9927,1,1.4013,7.4286,36.0215,0.6619,2.0504,10.3723,3.6841,25.3921,0.0182,Act1
3.8254,1,1.3795,7.4236,36.0215,0.6991,2.0406,8.2617,3.4906,52.0859,-0.0458,Act1
3.3774,1,1.4035,7.5185,36.0215,0.6667,2.0443,12.0716,3.6391,27.45,-0.0063,Act-1
3.3979,1,1.4022,7.6131,78.7048,0.6643,2.0457,11.5698,3.8892,27.8788,-0.0802,Act-1
3.7282,1,1.3795,7.4236,36.0215,0.6991,2.0408,7.9128,3.4906,53.9131,0.0436,Act1
3.8425,1,1.4127,7.4815,36.0215,0.6685,2.0459,10.1707,3.804,27.8788,-0.0265,Act1
3.1526,1,1.3986,7.6667,36.0215,0.6698,2.0418,10.7226,3.6141,34.2909,0.0762,Act1
4.3374,1,1.4046,7.858,36.0215,0.6755,2.0455,8.3483,3.8703,40.8774,-0.0104,Act1
3.6542,1,1.4081,7.523,36.0215,0.6601,2.0466,11.3746,3.9084,33.1222,0.0001,Act-1
2.9118,1,1.3999,7.4551,36.0215,0.671,2.0412,12.2912,3.456,25.1699,0.0306,Act1
3.8425,1,1.4035,7.4815,36.0215,0.6685,2.0457,10.3723,3.6391,27.8788,0.0295,Act1
4.1862,1,1.4069,7.6538,36.0215,0.6769,2.0454,8.4207,3.6523,31.7564,-0.0391,Act-1
3.8425,1,1.4058,7.4815,36.0215,0.6685,2.0458,10.624,3.6735,27.8788,-0.0145,Act1
3.5849,1,1.4109,7.5769,78.7048,0.6735,2.0452,10.1707,3.778,22.6354,0.0473,Act1
4.8683,1,1.3991,8.0259,36.0215,0.669,2.0483,8.2363,3.8348,25.821,-0.0232,Act1
3.7821,1,1.3112,7.4094,36.0215,0.6408,2.0431,8.4782,3.4561,19.4498,-0.1495,Act1
2.7195,1,1.6335,7.5486,16.663,0.7317,2.1324,7.762,4.4332,19.6035,-0.0195,Act1
3.2054,1,1.6335,7.5069,16.7855,0.7324,2.13,7.9215,4.4332,19.6035,-0.0155,Act1
2.5899,1,1.51,7.6987,18.0108,0.7024,2.1056,8.1232,4.0848,36.2735,-0.0013,Act1
3.1169,1,1.5453,7.7346,18.0108,0.6947,2.1253,9.7703,3.8115,27.1624,-0.0384,Act1
3.077,1,1.519,7.7387,34.7963,0.7197,2.0595,11.9152,3.7783,29.8761,0.1623,Act1
3.4642,1,1.5325,7.5885,16.7855,0.6777,2.074,13.2891,3.9557,39.9939,0.1829,Act1
2.882,1,1.5374,7.6603,18.0108,0.6862,2.0952,8.3302,3.9707,23.2292,-0.0745,Act1
2.8461,1,1.5385,7.8276,50.9079,0.6817,2.0966,8.9605,3.971,31.1194,-0.0691,Act1
3.6147,1,1.5395,7.6548,18.0108,0.6766,2.096,9.7125,3.9721,28.4726,-0.1089,Act1
2.8706,1,1.5465,7.6987,18.0108,0.6845,2.0913,9.3551,3.8193,22.3715,-0.1127,Act1
3.6147,1,1.5302,7.6548,18.0108,0.6766,2.0959,8.4707,3.9709,28.4726,-0.0284,Act1
2.1549,1,1.3309,7.7143,60.6941,0.653,2.0471,8.4481,3.6492,30.9531,-0.16,Act1
3.3442,1,1.4107,7.5267,18.0108,0.6793,2.0659,8.6236,3.7139,29.7685,-0.0283,Act1
4.074,1,1.4084,7.5309,18.0108,0.6708,2.0676,9.2926,3.7344,35.0119,-0.0245,Act1
3.1415,1,1.5377,7.8908,18.0108,0.6867,2.1066,10.5428,3.8514,37.3093,-0.0318,Act1
3.0605,1,1.5588,7.9933,32.8972,0.7164,2.1062,8.4057,3.8494,30.6112,-0.0172,Act1
2.6754,1,1.5363,7.9839,36.0215,0.6856,2.1066,12.7168,3.8514,39.5273,-0.0443,Act-1
2.9382,1,1.5377,7.9598,60.6941,0.6867,2.1066,12.06,3.8514,35.2514,-0.0709,Act1
3.1103,1,1.5146,7.7071,18.0108,0.6819,2.1064,14.9871,3.8108,40.1155,-0.0403,Act1
2.6928,1,1.5244,7.8737,0.0,0.7083,2.1087,13.4079,4.4749,27.501,0.0026,Act1
3.1189,1,1.5051,7.7172,18.0108,0.6819,2.1086,12.6834,3.8265,35.4753,-0.1233,Act1
3.1746,1,1.5799,7.8438,34.7963,0.7011,2.1066,12.2261,3.8514,38.0082,-0.0675,Act-1
4.6583,1,1.3113,7.537,18.0108,0.6468,2.0409,12.318,3.6808,51.0009,0.0541,Act1
3.7401,1,1.265,7.6068,60.6941,0.6693,2.0933,10.8272,3.6298,26.4668,0.1615,Act1
4.1768,1,1.2723,7.4583,60.6941,0.6673,2.0934,8.8024,3.6167,21.3333,0.0627,Act1
2.8538,1,1.3679,7.654,18.0108,0.6628,2.0701,11.6314,3.7486,40.7424,-0.0139,Act1
3.5708,1,1.5597,7.5972,16.663,0.7011,2.0636,8.2372,3.8719,24.1731,0.0512,Act-1
2.9202,1,1.5413,7.9423,59.3464,0.6936,2.0635,8.2942,3.9079,33.2941,-0.0145,Act1
3.353,1,1.324,8.2649,0.0,0.6532,2.0671,7.6859,3.7871,40.0914,0.0964,Act1
3.3739,1,1.3884,7.7312,18.0108,0.6721,2.0937,13.0174,3.6916,36.9456,0.0818,Act1
4.6414,1,1.4946,7.6157,0.0,0.6821,2.0543,13.0991,3.929,58.785,-0.0668,Act1
4.8834,1,1.4355,7.3205,0.0,0.6744,2.0702,6.525,3.9034,31.7477,-0.1631,Act1
5.4192,1,1.4391,7.3457,0.0,0.6592,2.074,6.527,3.9032,29.2131,-0.0528,Act1
5.1395,1,1.5241,7.5591,42.6833,0.684,2.0646,9.753,3.7833,33.9799,-0.0636,Act1
5.1646,1,1.5114,7.6559,42.6833,0.7072,2.0702,11.6298,3.9071,61.583,-0.1238,Act1
5.1677,1,1.526,7.5111,42.6833,0.6881,2.078,10.1649,3.9044,29.8642,-0.0881,Act1
4.1996,1,1.3316,7.536,18.0108,0.6503,2.1434,14.3273,3.4693,42.0227,0.0869,Act1
4.5686,1,1.4246,7.6494,18.0108,0.6645,2.0219,9.0095,3.6243,33.6461,-0.0809,Act1
2.545,1,1.3184,8.386,50.9079,0.7157,2.0333,4.8264,3.8429,64.1315,0.0447,Act-1
3.0914,1,1.3099,7.8041,36.0215,0.735,2.0227,5.5906,3.6279,49.3901,0.023,Act1
2.7234,1,1.3161,8.0088,36.0215,0.7053,2.0324,5.7783,3.7629,55.0105,0.0274,Act1
2.7686,1,1.4259,7.6333,92.3661,0.6528,2.088,10.8247,3.8993,24.818,-0.0272,Act1
2.1813,1,1.3783,7.8241,34.6738,0.7027,2.0006,10.4243,3.4451,31.5466,0.0034,Act1
3.1345,1,1.4394,7.8838,16.663,0.676,2.0558,11.7707,4.4954,49.662,-0.1418,Act1
2.8474,1,1.3916,7.8622,34.6738,0.7109,2.0057,8.9518,3.6672,29.6632,-0.0114,Act1
1.9546,1,1.2793,7.7853,34.6738,0.6722,2.0113,10.2903,3.3846,40.5092,0.0548,Act1
3.5789,1,1.4119,7.5833,34.7963,0.6889,2.0378,6.6787,3.6754,26.1532,-0.0821,Act1
3.3707,1,1.404,7.6603,34.7963,0.6664,2.0407,10.352,3.9707,36.6401,-0.1138,Act1
3.9723,1,1.4004,7.7202,34.7963,0.6843,2.0403,10.2322,3.9709,40.1407,-0.0641,Act1
4.0752,1,1.4124,7.6911,34.7963,0.6962,2.039,8.5038,3.9376,34.8973,-0.0723,Act1
3.2731,1,1.4,7.6905,34.7963,0.6578,2.0424,10.0261,4.1414,41.8835,-0.1376,Act1
3.784,1,1.3968,7.7452,34.7963,0.6743,2.0421,9.9553,4.1415,45.3841,-0.0946,Act1
3.8721,1,1.3955,7.7094,34.7963,0.7052,2.0322,10.2322,3.9822,46.7909,0.0242,Act1
3.1996,1,1.3835,7.8437,36.0215,0.7016,2.0197,12.935,4.0535,72.6813,-0.1717,Act1
4.1224,1,1.4469,7.609,18.0108,0.6735,2.1278,9.1925,3.9082,33.3436,-0.258,Act1
4.1938,1,1.4404,8.0309,18.0108,0.6765,2.1414,8.8836,3.9082,47.749,-0.0158,Act1
3.379,1,1.4416,7.7083,18.0108,0.712,2.1375,11.5265,3.7946,34.1433,0.0164,Act1
3.5597,0,1.1437,7.6801,18.0108,0.6248,2.0882,11.6048,3.4252,40.6746,-0.0662,Act1
4.1125,1,1.4066,7.8727,0.0,0.7088,2.0472,6.6278,3.9524,38.346,-0.0819,Act1
3.9825,1,1.4685,7.9086,18.0108,0.6992,2.0793,9.4323,3.9069,39.6528,0.0054,Act1
3.5956,1,1.4702,8.0521,18.0108,0.7072,2.0787,11.1847,3.8088,41.6007,-0.0608,Act1
4.9268,1,1.4042,8.1552,18.0108,0.6714,2.0685,7.1152,4.2086,57.9271,0.0258,Act1
4.365,1,1.3628,7.6897,18.0108,0.697,2.037,10.3089,3.783,62.892,0.039,Act1
3.6034,1,1.3303,7.8814,18.0108,0.668,2.0456,12.517,3.9517,32.0187,0.0739,Act1
2.8739,1,1.4997,7.7381,18.0108,0.6724,2.0772,12.5715,3.8275,27.5757,0.0443,Act1
3.0393,1,1.2673,7.5056,32.8972,0.6456,2.0878,8.7233,3.5904,44.6529,-0.0733,Act-1
2.6759,1,1.474,8.2121,42.6833,0.7159,2.0695,7.2412,3.7386,24.6723,-0.0021,Act1
3.1213,1,1.3019,7.7885,18.0108,0.655,2.0303,9.3206,3.878,36.1988,-0.2216,Act1
3.0231,0,1.2343,7.7424,0.0,0.6509,1.9799,6.8432,3.2693,61.5899,-0.0181,Act1
2.9996,0,1.151,7.6346,18.0108,0.6262,2.0764,8.5557,3.1835,38.3289,-0.0927,Act1
2.4399,0,1.2583,7.9147,18.0108,0.6572,2.0774,8.6384,4.0248,51.6409,-0.127,Act1
2.159,0,1.1429,7.4921,18.0108,0.6296,2.0144,3.9373,3.3612,29.1522,0.093,Act1
1.6004,0,1.156,7.96,32.8972,0.6249,2.0446,9.8745,3.2926,41.0961,0.0416,Act1
4.0878,1,1.4981,7.7796,34.6738,0.6844,2.1254,11.4632,3.9937,39.2791,-0.0255,Act1
2.6714,1,1.4749,7.7011,0.0,0.679,2.0262,10.8225,3.9799,26.9234,-0.1866,Act1
2.6714,1,1.4749,7.7011,0.0,0.679,2.0262,10.7738,3.9799,26.9234,-0.1854,Act1
3.8606,1,1.3799,7.8951,18.0108,0.6731,1.9982,8.0352,3.6342,30.8985,-0.0663,Act1
4.1018,1,1.3828,8.0833,18.0108,0.6717,1.9999,8.1342,3.8898,40.0195,-0.0357,Act1
1.3241,1,1.4138,7.8205,17.8882,0.7011,2.1297,8.9446,3.9749,32.3282,-0.2601,Act-1
2.0712,1,1.3651,7.7759,17.8882,0.6931,2.0663,11.3255,3.7887,36.3101,-0.071,Act-1
3.5844,1,1.2424,7.6611,18.0108,0.6469,2.0445,11.2145,3.7089,47.8382,-0.0729,Act1
3.1164,1,1.4401,7.7072,34.5512,0.6926,2.0669,13.6677,4.0208,55.7505,-0.1261,Act1
2.7935,1,1.4197,7.7714,17.8882,0.6845,2.0496,13.9284,4.022,55.1911,-0.0048,Act-1
1.7171,1,1.3507,7.9144,35.899,0.6837,2.0757,14.6553,3.9199,52.4654,0.0036,Act-1
2.6136,0,1.2329,7.8436,18.0108,0.66,2.031,11.532,3.8818,53.1356,0.099,Act1
2.6136,0,1.2318,7.8436,18.0108,0.66,2.031,11.4395,3.8804,53.1356,0.1041,Act1
3.4212,1,1.5138,7.5926,34.7963,0.6685,2.0814,10.7271,4.5673,33.382,-0.0061,Act1
4.1839,1,1.4351,7.5259,0.0,0.6669,2.1427,8.8238,3.8953,36.6841,0.0397,Act1
1.9092,1,1.3723,7.7586,0.0,0.6703,2.055,10.8245,3.9547,46.947,0.0096,Act1
3.0276,1,1.3401,7.5367,0.0,0.6549,2.0816,11.66,3.7178,22.842,0.1018,Act1
4.4241,1,1.297,7.7031,17.8882,0.6497,2.0616,12.5908,3.7957,44.6216,-0.1074,Act1
2.7362,1,1.4137,7.7381,51.4593,0.6769,2.0248,6.9823,3.6846,21.4517,-0.0242,Act1
1.7191,1,1.4032,7.8551,51.4593,0.6655,2.008,8.5161,3.9085,26.2185,-0.1644,Act1
2.224,1,1.4175,8.075,51.4593,0.6923,1.9982,6.1075,3.6658,24.8527,-0.1298,Act1
2.3812,1,1.4163,8.3175,51.4593,0.6903,1.9998,5.744,3.8801,33.9737,0.0783,Act1
3.0243,1,1.4021,8.5104,51.4593,0.6729,2.0032,7.7336,3.7049,20.9751,-0.1989,Act1
2.5731,1,1.4122,8.0317,51.4593,0.683,2.0164,6.8716,3.8704,28.0382,0.0386,Act1
3.1081,1,1.498,7.7133,18.0108,0.7234,2.0918,8.7848,3.7088,51.9665,0.0368,Act1
2.3061,1,1.3526,7.6207,34.7963,0.6521,2.0409,10.0899,3.4616,31.2948,-0.0677,Act1
1.7398,1,1.3371,7.75,34.7963,0.6583,2.0921,10.7036,4.6321,39.5799,-0.0996,Act1
1.1793,1,1.3603,7.8467,42.6833,0.6528,2.0262,8.9624,3.7837,23.7378,-0.1688,Act1
1.3008,1,1.3569,7.7667,16.663,0.6528,2.0156,9.0035,3.7836,28.3302,-0.183,Act1
1.6127,1,1.3528,7.7372,0.0,0.6486,2.0262,8.9624,3.7838,28.3302,-0.1705,Act1
2.6892,0,1.2182,7.6667,18.0108,0.6441,2.0705,12.2638,3.5833,38.178,0.077,Act1
3.9557,1,1.2373,7.6398,18.0108,0.6476,2.0697,13.192,3.4571,40.4425,-0.0623,Act1
4.0398,1,1.3244,7.9105,18.0108,0.6858,2.1047,8.4189,3.7328,53.9077,-0.1949,Act1
3.4445,1,1.3244,7.9722,18.0108,0.6619,2.1052,9.5733,3.7328,26.7204,-0.2402,Act1
4.0855,1,1.3583,7.8905,18.0108,0.6528,2.1143,12.5009,3.8544,54.9801,-0.0584,Act1
4.3683,1,1.3609,7.8657,0.0,0.6499,2.1145,12.8671,3.8774,54.5512,-0.0379,Act1
4.5881,0,1.1863,7.5363,18.0108,0.6504,2.0738,9.0103,3.4025,36.9199,0.0669,Act1
2.908,1,1.2995,7.8167,18.0108,0.6566,2.0554,9.8286,3.7837,37.018,-0.052,Act1
3.2988,1,1.2945,7.95,18.0108,0.6592,2.0513,10.7971,3.6337,43.4302,0.0605,Act1
2.2444,0,1.206,7.78,18.0108,0.6434,2.028,8.9958,3.4291,33.6581,-0.0886,Act1
3.3756,1,1.3014,7.9753,18.0108,0.6731,2.0539,8.3045,3.7158,35.6522,-0.1466,Act1
3.0421,1,1.3003,7.7976,18.0108,0.6648,2.054,10.203,3.7159,31.7746,-0.1214,Act1
3.3909,1,1.2964,8.3939,18.0108,0.6651,2.0505,9.0913,3.7872,28.6207,-0.0244,Act1
1.7798,1,1.274,7.9806,18.0108,0.6566,2.0269,10.7657,3.7872,33.6407,-0.2281,Act1
2.1994,0,1.206,7.78,18.0108,0.6434,2.0281,8.5033,3.4211,33.6581,-0.1276,Act1
3.2538,1,1.2945,7.95,18.0108,0.6592,2.051,10.5661,3.6335,43.4302,0.0299,Act1
3.8889,0,1.187,7.5123,18.0108,0.6286,2.0739,10.9157,3.4194,38.6628,0.0482,Act1
2.2939,1,1.2942,7.8046,18.0108,0.6586,2.0474,11.4016,3.4931,33.8803,0.0593,Act1
2.908,1,1.3016,7.8167,18.0108,0.6566,2.0555,10.7636,3.7863,37.018,-0.0298,Act1
3.073,1,1.2942,7.8046,36.0215,0.6586,2.0454,10.9544,3.4931,30.917,-0.0011,Act1
3.4359,1,1.2964,8.3939,18.0108,0.6651,2.0505,9.4209,3.7874,28.6207,-0.0048,Act1
3.4249,1,1.3001,7.7759,18.0108,0.6604,2.0594,11.6261,3.7805,34.9602,-0.0312,Act1
3.2386,1,1.3051,7.9828,18.0108,0.6635,2.0548,10.3829,3.7871,40.8956,-0.0786,Act1
4.5302,1,1.3903,7.6782,42.6833,0.6752,2.0557,8.9415,3.62,42.9744,0.0396,Act1
4.6974,1,1.2846,7.381,42.6833,0.6463,2.056,9.9466,3.5765,43.3405,0.068,Act1
3.7854,1,1.4996,7.9295,42.6833,0.671,2.0971,11.5006,4.6139,36.724,-0.1164,Act1
2.4224,1,1.5109,7.9975,118.2639,0.6756,2.0503,11.2899,4.1123,62.1427,-0.0462,Act1
3.2761,0,1.2648,8.0435,128.05,0.6257,2.0338,7.5637,3.0275,28.7697,-0.1338,Act1
3.5858,0,1.2026,7.8333,103.3774,0.6366,2.0738,9.232,3.4532,25.8707,-0.029,Act1
3.7125,1,1.4123,7.6556,18.0108,0.6646,2.0741,13.0663,3.787,31.7258,-0.1049,Act1
3.5268,1,1.4123,7.8556,18.0108,0.6678,2.0721,11.7092,3.787,37.6612,-0.1451,Act1
3.8708,1,1.323,7.6998,18.0108,0.6591,2.0673,10.1449,3.6663,23.6118,-0.1572,Act1
3.8869,1,1.4173,7.7259,18.0108,0.6855,2.0699,12.0423,3.8532,32.0408,-0.1162,Act1
1.8844,1,1.3875,7.8994,34.7963,0.7101,2.0236,7.4187,4.1409,30.7157,-0.0552,Act1
4.0615,1,1.5168,8.3778,16.405,0.7208,2.151,8.9062,4.5525,18.5813,0.0287,Act1
2.5755,1,1.4328,8.1371,0.0,0.6809,2.0579,12.1569,4.1943,47.0057,0.0728,Act1
1.6122,1,1.4044,8.0181,34.6738,0.699,2.0249,6.7248,3.8925,29.3247,-0.2065,Act1
2.4173,1,1.3177,7.74,18.0108,0.6691,2.0543,8.3635,3.5396,30.781,-0.2671,Act1
3.4588,1,1.376,7.5774,18.0108,0.6604,2.0978,11.635,3.9177,31.7965,-0.1826,Act1
2.3194,1,1.4928,7.9391,18.0108,0.7036,2.1096,8.7792,4.5921,19.0908,0.0515,Act1
3.3513,1,1.4731,7.7214,16.405,0.6759,2.0578,9.6197,4.6664,25.1206,0.0197,Act1
3.115,1,1.357,8.2213,77.3571,0.6779,2.0419,11.6674,3.6795,30.9066,-0.1035,Act1
3.6705,0,1.196,7.5673,57.2784,0.6354,2.1832,10.5656,3.4562,30.4944,-0.1016,Act1
