Orden,DrugBank_ID
1,DB00114
2,DB00116
3,DB00117
4,DB00118
5,DB00119
6,DB00120
7,DB00121
8,DB00122
9,DB00123
10,DB00125
11,DB00126
12,DB00127
13,DB00128
14,DB00129
15,DB00130
16,DB00131
17,DB00132
18,DB00133
19,DB00134
20,DB00135
21,DB00136
22,DB00137
23,DB00138
24,DB00139
25,DB00140
26,DB00141
27,DB00142
28,DB00143
29,DB00144
30,DB00145
31,DB00146
32,DB00147
33,DB00148
34,DB00149
35,DB00150
36,DB00151
37,DB00152
38,DB00153
39,DB00154
40,DB00155
41,DB00156
42,DB00157
43,DB00158
44,DB00159
45,DB00160
46,DB00161
47,DB00162
48,DB00163
49,DB00165
50,DB00166
51,DB00167
52,DB00168
53,DB00169
54,DB00170
55,DB00171
56,DB00172
57,DB00173
58,DB00174
59,DB00627
60,DB00638
61,DB00755
62,DB01322
63,DB01434
64,DB01436
65,DB02300
66,DB00182
67,DB00189
68,DB00191
69,DB00230
70,DB00237
71,DB00241
72,DB00306
73,DB00318
74,DB00327
75,DB00349
76,DB00371
77,DB00404
78,DB00470
79,DB00475
80,DB00497
81,DB00574
82,DB00611
83,DB00628
84,DB00647
85,DB00683
86,DB00690
87,DB00801
88,DB00802
89,DB00813
90,DB00829
91,DB00830
92,DB00858
93,DB00865
94,DB00897
95,DB00907
96,DB00913
97,DB00937
98,DB00956
99,DB00962
100,DB00984
101,DB01031
102,DB01068
103,DB01081
104,DB01105
105,DB01107
106,DB01185
107,DB01191
108,DB01215
109,DB01230
110,DB01351
111,DB01352
112,DB01353
113,DB01433
114,DB01437
115,DB01439
116,DB01440
117,DB01441
118,DB01442
119,DB01444
120,DB01445
121,DB01446
122,DB01447
123,DB01450
124,DB01452
125,DB01453
126,DB01454
127,DB01459
128,DB01460
129,DB01461
130,DB01462
131,DB01463
132,DB01464
133,DB01465
134,DB01466
135,DB01467
136,DB01468
137,DB01469
138,DB01470
139,DB01471
140,DB01472
141,DB01473
142,DB01475
143,DB01476
144,DB01477
145,DB01478
146,DB01480
147,DB01481
148,DB01482
149,DB01483
150,DB01484
151,DB01486
152,DB01487
153,DB01488
154,DB01489
155,DB01490
156,DB01491
157,DB01493
158,DB01494
159,DB01495
160,DB01496
161,DB01497
162,DB01498
163,DB01499
164,DB01500
165,DB01501
166,DB01502
167,DB01505
168,DB01506
169,DB01507
170,DB01509
171,DB01511
172,DB01512
173,DB01514
174,DB01515
175,DB01516
176,DB01518
177,DB01520
178,DB01521
179,DB01522
180,DB01523
181,DB01524
182,DB01525
183,DB01526
184,DB01527
185,DB01528
186,DB01529
187,DB01530
188,DB01531
189,DB01532
190,DB01533
191,DB01534
192,DB01535
193,DB01536
194,DB01537
195,DB01538
196,DB01539
197,DB01541
198,DB01542
199,DB01544
200,DB01545
201,DB01546
202,DB01547
203,DB01548
204,DB01549
205,DB01550
206,DB01551
207,DB01552
208,DB01553
209,DB01555
210,DB01556
211,DB01557
212,DB01558
213,DB01559
214,DB01560
215,DB01561
216,DB01562
217,DB01563
218,DB01564
219,DB01565
220,DB01566
221,DB01567
222,DB01568
223,DB01569
224,DB01570
225,DB01571
226,DB01573
227,DB01576
228,DB01577
229,DB01579
230,DB01588
231,DB01589
232,DB02901
233,DB03575
234,DB04829
235,DB04833
236,DB04836
237,DB00006
238,DB00007
239,DB00010
240,DB00014
241,DB00017
242,DB00027
243,DB00035
244,DB00050
245,DB00063
246,DB00067
247,DB00080
248,DB00091
249,DB00093
250,DB00094
251,DB00104
252,DB00106
253,DB00107
254,DB00109
255,DB00175
256,DB00176
257,DB00177
258,DB00178
259,DB00179
260,DB00180
261,DB00181
262,DB00183
263,DB00184
264,DB00185
265,DB00186
266,DB00187
267,DB00188
268,DB00190
269,DB00192
270,DB00193
271,DB00194
272,DB00195
273,DB00196
274,DB00198
275,DB00199
276,DB00200
277,DB00201
278,DB00202
279,DB00203
280,DB00204
281,DB00205
282,DB00206
283,DB00207
284,DB00208
285,DB00209
286,DB00210
287,DB00211
288,DB00212
289,DB00213
290,DB00214
291,DB00215
292,DB00216
293,DB00217
294,DB00218
295,DB00219
296,DB00220
297,DB00221
298,DB00222
299,DB00223
300,DB00224
301,DB00225
302,DB00226
303,DB00227
304,DB00228
305,DB00229
306,DB00231
307,DB00232
308,DB00233
309,DB00234
310,DB00235
311,DB00236
312,DB00238
313,DB00239
314,DB00240
315,DB00242
316,DB00243
317,DB00244
318,DB00246
319,DB00247
320,DB00248
321,DB00249
322,DB00250
323,DB00251
324,DB00252
325,DB00253
326,DB00254
327,DB00255
328,DB00256
329,DB00257
330,DB00258
331,DB00259
332,DB00260
333,DB00261
334,DB00262
335,DB00263
336,DB00264
337,DB00265
338,DB00266
339,DB00267
340,DB00268
341,DB00269
342,DB00270
343,DB00271
344,DB00272
345,DB00273
346,DB00274
347,DB00275
348,DB00276
349,DB00277
350,DB00278
351,DB00279
352,DB00280
353,DB00281
354,DB00282
355,DB00283
356,DB00284
357,DB00285
358,DB00286
359,DB00287
360,DB00288
361,DB00289
362,DB00290
363,DB00291
364,DB00292
365,DB00293
366,DB00294
367,DB00295
368,DB00296
369,DB00297
370,DB00298
371,DB00299
372,DB00300
373,DB00301
374,DB00302
375,DB00303
376,DB00304
377,DB00305
378,DB00307
379,DB00308
380,DB00309
381,DB00310
382,DB00311
383,DB00312
384,DB00313
385,DB00314
386,DB00315
387,DB00316
388,DB00317
389,DB00319
390,DB00320
391,DB00321
392,DB00322
393,DB00323
394,DB00324
395,DB00325
396,DB00326
397,DB00328
398,DB00330
399,DB00331
400,DB00333
401,DB00334
402,DB00335
403,DB00336
404,DB00337
405,DB00338
406,DB00339
407,DB00340
408,DB00341
409,DB00342
410,DB00343
411,DB00344
412,DB00345
413,DB00346
414,DB00347
415,DB00348
416,DB00350
417,DB00351
418,DB00352
419,DB00353
420,DB00354
421,DB00355
422,DB00356
423,DB00357
424,DB00358
425,DB00359
426,DB00360
427,DB00361
428,DB00362
429,DB00363
430,DB00364
431,DB00365
432,DB00366
433,DB00367
434,DB00368
435,DB00369
436,DB00370
437,DB00372
438,DB00373
439,DB00374
440,DB00375
441,DB00376
442,DB00377
443,DB00378
444,DB00379
445,DB00380
446,DB00381
447,DB00382
448,DB00383
449,DB00384
450,DB00385
451,DB00387
452,DB00388
453,DB00389
454,DB00390
455,DB00391
456,DB00392
457,DB00393
458,DB00394
459,DB00395
460,DB00396
461,DB00397
462,DB00398
463,DB00399
464,DB00400
465,DB00401
466,DB00402
467,DB00403
468,DB00405
469,DB00406
470,DB00407
471,DB00408
472,DB00409
473,DB00410
474,DB00411
475,DB00412
476,DB00413
477,DB00414
478,DB00415
479,DB00416
480,DB00417
481,DB00418
482,DB00419
483,DB00420
484,DB00421
485,DB00422
486,DB00423
487,DB00424
488,DB00425
489,DB00426
490,DB00427
491,DB00428
492,DB00429
493,DB00430
494,DB00431
495,DB00432
496,DB00433
497,DB00434
498,DB00435
499,DB00436
500,DB00437
501,DB00438
502,DB00440
503,DB00441
504,DB00442
505,DB00443
506,DB00444
507,DB00445
508,DB00446
509,DB00447
510,DB00448
511,DB00449
512,DB00450
513,DB00451
514,DB00452
515,DB00453
516,DB00454
517,DB00455
518,DB00456
519,DB00457
520,DB00458
521,DB00459
522,DB00460
523,DB00461
524,DB00462
525,DB00463
526,DB00464
527,DB00465
528,DB00466
529,DB00467
530,DB00468
531,DB00469
532,DB00471
533,DB00472
534,DB00473
535,DB00474
536,DB00476
537,DB00477
538,DB00478
539,DB00479
540,DB00480
541,DB00481
542,DB00482
543,DB00483
544,DB00484
545,DB00485
546,DB00486
547,DB00487
548,DB00488
549,DB00489
550,DB00490
551,DB00491
552,DB00492
553,DB00493
554,DB00494
555,DB00495
556,DB00496
557,DB00498
558,DB00499
559,DB00500
560,DB00501
561,DB00502
562,DB00503
563,DB00504
564,DB00505
565,DB00506
566,DB00507
567,DB00508
568,DB00509
569,DB00510
570,DB00511
571,DB00513
572,DB00514
573,DB00515
574,DB00516
575,DB00518
576,DB00519
577,DB00520
578,DB00521
579,DB00522
580,DB00523
581,DB00524
582,DB00525
583,DB00526
584,DB00527
585,DB00528
586,DB00529
587,DB00530
588,DB00531
589,DB00532
590,DB00534
591,DB00535
592,DB00536
593,DB00537
594,DB00538
595,DB00539
596,DB00540
597,DB00541
598,DB00542
599,DB00543
600,DB00544
601,DB00545
602,DB00546
603,DB00547
604,DB00548
605,DB00549
606,DB00550
607,DB00551
608,DB00552
609,DB00553
610,DB00554
611,DB00555
612,DB00556
613,DB00557
614,DB00558
615,DB00559
616,DB00560
617,DB00561
618,DB00562
619,DB00563
620,DB00564
621,DB00565
622,DB00566
623,DB00567
624,DB00568
625,DB00569
626,DB00570
627,DB00571
628,DB00572
629,DB00573
630,DB00575
631,DB00576
632,DB00577
633,DB00578
634,DB00579
635,DB00581
636,DB00582
637,DB00583
638,DB00584
639,DB00585
640,DB00586
641,DB00587
642,DB00588
643,DB00589
644,DB00590
645,DB00591
646,DB00592
647,DB00593
648,DB00594
649,DB00595
650,DB00596
651,DB00597
652,DB00598
653,DB00599
654,DB00600
655,DB00601
656,DB00602
657,DB00603
658,DB00604
659,DB00605
660,DB00606
661,DB00607
662,DB00608
663,DB00609
664,DB00610
665,DB00612
666,DB00613
667,DB00614
668,DB00616
669,DB00617
670,DB00618
671,DB00619
672,DB00620
673,DB00621
674,DB00622
675,DB00623
676,DB00624
677,DB00625
678,DB00626
679,DB00629
680,DB00630
681,DB00631
682,DB00632
683,DB00633
684,DB00634
685,DB00635
686,DB00636
687,DB00637
688,DB00639
689,DB00640
690,DB00641
691,DB00642
692,DB00643
693,DB00644
694,DB00645
695,DB00646
696,DB00648
697,DB00649
698,DB00650
699,DB00651
700,DB00652
701,DB00653
702,DB00654
703,DB00655
704,DB00656
705,DB00657
706,DB00658
707,DB00659
708,DB00660
709,DB00661
710,DB00662
711,DB00663
712,DB00664
713,DB00665
714,DB00666
715,DB00667
716,DB00668
717,DB00669
718,DB00670
719,DB00671
720,DB00672
721,DB00673
722,DB00674
723,DB00675
724,DB00676
725,DB00677
726,DB00678
727,DB00679
728,DB00680
729,DB00682
730,DB00684
731,DB00685
732,DB00686
733,DB00687
734,DB00688
735,DB00689
736,DB00691
737,DB00692
738,DB00693
739,DB00694
740,DB00695
741,DB00696
742,DB00697
743,DB00698
744,DB00699
745,DB00700
746,DB00701
747,DB00703
748,DB00704
749,DB00705
750,DB00706
751,DB00707
752,DB00708
753,DB00709
754,DB00710
755,DB00711
756,DB00712
757,DB00713
758,DB00714
759,DB00715
760,DB00716
761,DB00717
762,DB00718
763,DB00719
764,DB00720
765,DB00721
766,DB00722
767,DB00723
768,DB00724
769,DB00725
770,DB00726
771,DB00727
772,DB00728
773,DB00729
774,DB00730
775,DB00731
776,DB00732
777,DB00733
778,DB00734
779,DB00735
780,DB00736
781,DB00737
782,DB00738
783,DB00739
784,DB00740
785,DB00741
786,DB00742
787,DB00743
788,DB00744
789,DB00745
790,DB00746
791,DB00747
792,DB00748
793,DB00749
794,DB00750
795,DB00751
796,DB00752
797,DB00753
798,DB00754
799,DB00756
800,DB00757
801,DB00758
802,DB00759
803,DB00760
804,DB00761
805,DB00762
806,DB00763
807,DB00764
808,DB00765
809,DB00766
810,DB00767
811,DB00768
812,DB00769
813,DB00770
814,DB00771
815,DB00772
816,DB00773
817,DB00774
818,DB00775
819,DB00776
820,DB00777
821,DB00778
822,DB00779
823,DB00780
824,DB00781
825,DB00782
826,DB00783
827,DB00784
828,DB00786
829,DB00787
830,DB00788
831,DB00789
832,DB00790
833,DB00791
834,DB00792
835,DB00793
836,DB00794
837,DB00795
838,DB00796
839,DB00797
840,DB00798
841,DB00799
842,DB00800
843,DB00803
844,DB00804
845,DB00805
846,DB00806
847,DB00807
848,DB00808
849,DB00809
850,DB00810
851,DB00811
852,DB00812
853,DB00814
854,DB00815
855,DB00816
856,DB00817
857,DB00818
858,DB00819
859,DB00820
860,DB00821
861,DB00822
862,DB00823
863,DB00824
864,DB00825
865,DB00827
866,DB00828
867,DB00831
868,DB00832
869,DB00833
870,DB00834
871,DB00835
872,DB00836
873,DB00837
874,DB00838
875,DB00839
876,DB00841
877,DB00842
878,DB00843
879,DB00844
880,DB00845
881,DB00846
882,DB00847
883,DB00848
884,DB00849
885,DB00850
886,DB00851
887,DB00852
888,DB00853
889,DB00854
890,DB00855
891,DB00856
892,DB00857
893,DB00859
894,DB00860
895,DB00861
896,DB00862
897,DB00863
898,DB00864
899,DB00866
900,DB00867
901,DB00868
902,DB00869
903,DB00870
904,DB00871
905,DB00872
906,DB00873
907,DB00874
908,DB00875
909,DB00876
910,DB00877
911,DB00878
912,DB00879
913,DB00880
914,DB00881
915,DB00882
916,DB00883
917,DB00884
918,DB00885
919,DB00887
920,DB00888
921,DB00889
922,DB00890
923,DB00891
924,DB00892
925,DB00894
926,DB00895
927,DB00896
928,DB00898
929,DB00899
930,DB00900
931,DB00902
932,DB00903
933,DB00904
934,DB00905
935,DB00906
936,DB00908
937,DB00909
938,DB00910
939,DB00911
940,DB00912
941,DB00914
942,DB00915
943,DB00916
944,DB00917
945,DB00918
946,DB00919
947,DB00920
948,DB00922
949,DB00923
950,DB00924
951,DB00925
952,DB00927
953,DB00928
954,DB00929
955,DB00930
956,DB00931
957,DB00932
958,DB00933
959,DB00934
960,DB00935
961,DB00936
962,DB00938
963,DB00939
964,DB00940
965,DB00941
966,DB00942
967,DB00943
968,DB00944
969,DB00945
970,DB00946
971,DB00947
972,DB00948
973,DB00949
974,DB00950
975,DB00951
976,DB00952
977,DB00953
978,DB00954
979,DB00955
980,DB00957
981,DB00958
982,DB00959
983,DB00960
984,DB00961
985,DB00963
986,DB00964
987,DB00966
988,DB00967
989,DB00968
990,DB00969
991,DB00970
992,DB00971
993,DB00972
994,DB00973
995,DB00974
996,DB00975
997,DB00976
998,DB00977
999,DB00978
1000,DB00979
1001,DB00980
1002,DB00981
1003,DB00982
1004,DB00983
1005,DB00985
1006,DB00986
1007,DB00987
1008,DB00988
1009,DB00989
1010,DB00990
1011,DB00991
1012,DB00992
1013,DB00993
1014,DB00994
1015,DB00995
1016,DB00996
1017,DB00997
1018,DB00998
1019,DB00999
1020,DB01000
1021,DB01001
1022,DB01002
1023,DB01003
1024,DB01004
1025,DB01005
1026,DB01006
1027,DB01007
1028,DB01008
1029,DB01009
1030,DB01010
1031,DB01011
1032,DB01012
1033,DB01013
1034,DB01014
1035,DB01015
1036,DB01016
1037,DB01017
1038,DB01018
1039,DB01019
1040,DB01020
1041,DB01021
1042,DB01022
1043,DB01023
1044,DB01024
1045,DB01025
1046,DB01026
1047,DB01028
1048,DB01029
1049,DB01030
1050,DB01032
1051,DB01033
1052,DB01034
1053,DB01035
1054,DB01036
1055,DB01037
1056,DB01038
1057,DB01039
1058,DB01040
1059,DB01041
1060,DB01042
1061,DB01043
1062,DB01044
1063,DB01045
1064,DB01046
1065,DB01047
1066,DB01048
1067,DB01049
1068,DB01050
1069,DB01051
1070,DB01053
1071,DB01054
1072,DB01055
1073,DB01056
1074,DB01057
1075,DB01058
1076,DB01059
1077,DB01060
1078,DB01061
1079,DB01062
1080,DB01063
1081,DB01064
1082,DB01065
1083,DB01066
1084,DB01067
1085,DB01069
1086,DB01070
1087,DB01071
1088,DB01072
1089,DB01073
1090,DB01074
1091,DB01075
1092,DB01076
1093,DB01077
1094,DB01078
1095,DB01080
1096,DB01082
1097,DB01083
1098,DB01084
1099,DB01085
1100,DB01086
1101,DB01087
1102,DB01088
1103,DB01089
1104,DB01090
1105,DB01091
1106,DB01092
1107,DB01093
1108,DB01094
1109,DB01095
1110,DB01096
1111,DB01097
1112,DB01098
1113,DB01099
1114,DB01100
1115,DB01101
1116,DB01102
1117,DB01103
1118,DB01104
1119,DB01106
1120,DB01108
1121,DB01109
1122,DB01110
1123,DB01111
1124,DB01112
1125,DB01113
1126,DB01114
1127,DB01115
1128,DB01116
1129,DB01117
1130,DB01118
1131,DB01119
1132,DB01120
1133,DB01121
1134,DB01122
1135,DB01123
1136,DB01124
1137,DB01125
1138,DB01126
1139,DB01127
1140,DB01128
1141,DB01129
1142,DB01130
1143,DB01131
1144,DB01132
1145,DB01133
1146,DB01134
1147,DB01135
1148,DB01136
1149,DB01137
1150,DB01138
1151,DB01139
1152,DB01140
1153,DB01141
1154,DB01142
1155,DB01143
1156,DB01144
1157,DB01145
1158,DB01146
1159,DB01147
1160,DB01148
1161,DB01149
1162,DB01150
1163,DB01151
1164,DB01153
1165,DB01154
1166,DB01155
1167,DB01156
1168,DB01157
1169,DB01158
1170,DB01159
1171,DB01160
1172,DB01161
1173,DB01162
1174,DB01163
1175,DB01164
1176,DB01165
1177,DB01166
1178,DB01167
1179,DB01168
1180,DB01169
1181,DB01170
1182,DB01171
1183,DB01172
1184,DB01173
1185,DB01174
1186,DB01175
1187,DB01176
1188,DB01177
1189,DB01178
1190,DB01179
1191,DB01180
1192,DB01181
1193,DB01182
1194,DB01183
1195,DB01184
1196,DB01186
1197,DB01187
1198,DB01188
1199,DB01189
1200,DB01190
1201,DB01192
1202,DB01193
1203,DB01194
1204,DB01195
1205,DB01196
1206,DB01197
1207,DB01198
1208,DB01199
1209,DB01200
1210,DB01201
1211,DB01202
1212,DB01203
1213,DB01204
1214,DB01205
1215,DB01206
1216,DB01207
1217,DB01208
1218,DB01209
1219,DB01210
1220,DB01211
1221,DB01212
1222,DB01213
1223,DB01214
1224,DB01216
1225,DB01217
1226,DB01218
1227,DB01219
1228,DB01221
1229,DB01222
1230,DB01223
1231,DB01224
1232,DB01225
1233,DB01226
1234,DB01227
1235,DB01228
1236,DB01229
1237,DB01231
1238,DB01232
1239,DB01233
1240,DB01234
1241,DB01235
1242,DB01236
1243,DB01237
1244,DB01238
1245,DB01239
1246,DB01240
1247,DB01241
1248,DB01242
1249,DB01243
1250,DB01244
1251,DB01245
1252,DB01246
1253,DB01247
1254,DB01248
1255,DB01249
1256,DB01250
1257,DB01251
1258,DB01252
1259,DB01253
1260,DB01254
1261,DB01255
1262,DB01256
1263,DB01258
1264,DB01259
1265,DB01260
1266,DB01261
1267,DB01262
1268,DB01263
1269,DB01264
1270,DB01265
1271,DB01267
1272,DB01268
1273,DB01273
1274,DB01274
1275,DB01275
1276,DB01280
1277,DB01282
1278,DB01283
1279,DB01284
1280,DB01287
1281,DB01288
1282,DB01289
1283,DB01291
1284,DB01294
1285,DB01295
1286,DB01296
1287,DB01297
1288,DB01298
1289,DB01299
1290,DB01301
1291,DB01303
1292,DB01319
1293,DB01320
1294,DB01321
1295,DB01324
1296,DB01325
1297,DB01326
1298,DB01327
1299,DB01328
1300,DB01329
1301,DB01330
1302,DB01331
1303,DB01332
1304,DB01333
1305,DB01334
1306,DB01336
1307,DB01337
1308,DB01338
1309,DB01339
1310,DB01340
1311,DB01342
1312,DB01344
1313,DB01347
1314,DB01348
1315,DB01349
1316,DB01354
1317,DB01355
1318,DB01356
1319,DB01357
1320,DB01359
1321,DB01361
1322,DB01362
1323,DB01364
1324,DB01365
1325,DB01366
1326,DB01367
1327,DB01369
1328,DB01370
1329,DB01375
1330,DB01377
1331,DB01380
1332,DB01382
1333,DB01384
1334,DB01390
1335,DB01392
1336,DB01393
1337,DB01394
1338,DB01395
1339,DB01396
1340,DB01399
1341,DB01400
1342,DB01402
1343,DB01403
1344,DB01406
1345,DB01407
1346,DB01408
1347,DB01409
1348,DB01410
1349,DB01411
1350,DB01412
1351,DB01413
1352,DB01414
1353,DB01415
1354,DB01416
1355,DB01418
1356,DB01419
1357,DB01420
1358,DB01421
1359,DB01422
1360,DB01423
1361,DB01424
1362,DB01425
1363,DB01426
1364,DB01427
1365,DB01428
1366,DB01429
1367,DB01430
1368,DB01431
1369,DB01435
1370,DB01438
1371,DB01578
1372,DB01580
1373,DB01581
1374,DB01582
1375,DB01583
1376,DB01586
1377,DB01587
1378,DB01591
1379,DB01592
1380,DB01593
1381,DB01594
1382,DB01595
1383,DB01597
1384,DB01598
1385,DB01599
1386,DB01600
1387,DB01601
1388,DB01602
1389,DB01603
1390,DB01604
1391,DB01605
1392,DB01606
1393,DB01607
1394,DB01608
1395,DB01609
1396,DB01610
1397,DB01611
1398,DB01612
1399,DB01613
1400,DB01614
1401,DB01615
1402,DB01616
1403,DB01618
1404,DB01619
1405,DB01620
1406,DB01621
1407,DB01622
1408,DB01623
1409,DB01624
1410,DB01625
1411,DB01626
1412,DB01627
1413,DB01628
1414,DB01764
1415,DB02546
1416,DB02638
1417,DB02703
1418,DB04552
1419,DB04570
1420,DB04573
1421,DB04574
1422,DB04575
1423,DB04711
1424,DB04786
1425,DB04794
1426,DB04835
1427,DB04837
1428,DB04838
1429,DB04839
1430,DB04840
1431,DB04841
1432,DB04842
1433,DB04843
1434,DB04844
1435,DB04845
1436,DB04861
1437,DB04868
1438,DB04876
1439,DB04878
1440,DB04880
1441,DB04890
1442,DB04894
1443,DB04896
1444,DB04898
1445,DB04900
1446,DB04930
1447,DB04942
1448,DB04948
1449,DB04967
1450,DB05109
1451,DB05245
1452,DB05246
1453,DB05259
1454,DB05260
1455,DB05261
1456,DB05265
1457,DB05266
1458,DB05271
1459,DB05323
1460,DB05389
1461,DB05453
1462,DB05630
1463,DB06144
1464,DB06148
1465,DB06149
1466,DB06151
1467,DB06155
1468,DB06196
1469,DB06201
1470,DB06207
1471,DB06211
1472,DB06220
1473,DB06255
1474,DB06262
1475,DB06266
1476,DB06267
1477,DB06274
1478,DB06285
1479,DB06287
1480,DB06288
1481,DB06439
1482,DB06689
1483,DB00197
1484,DB00439
1485,DB00533
1486,DB00580
1487,DB00901
1488,DB00926
1489,DB01079
1490,DB01388
1491,DB01405
1492,DB03585
1493,DB03783
1494,DB04812
1495,DB04813
1496,DB04814
1497,DB04815
1498,DB04816
1499,DB04817
1500,DB04818
1501,DB04819
1502,DB04820
1503,DB04821
1504,DB04822
1505,DB04823
1506,DB04824
1507,DB04825
1508,DB04826
1509,DB04827
1510,DB04828
1511,DB04830
1512,DB04831
1513,DB04832
1514,DB04834
1515,DB01378
1516,DB01629
1517,DB01630
1518,DB01631
1519,DB01632
1520,DB01633
1521,DB01634
1522,DB01635
1523,DB01636
1524,DB01637
1525,DB01638
1526,DB01639
1527,DB01640
1528,DB01641
1529,DB01642
1530,DB01643
1531,DB01644
1532,DB01645
1533,DB01646
1534,DB01647
1535,DB01648
1536,DB01649
1537,DB01650
1538,DB01651
1539,DB01652
1540,DB01653
1541,DB01654
1542,DB01655
1543,DB01657
1544,DB01658
1545,DB01659
1546,DB01660
1547,DB01661
1548,DB01662
1549,DB01663
1550,DB01664
1551,DB01665
1552,DB01666
1553,DB01667
1554,DB01668
1555,DB01669
1556,DB01670
1557,DB01671
1558,DB01672
1559,DB01673
1560,DB01674
1561,DB01675
1562,DB01676
1563,DB01677
1564,DB01678
1565,DB01679
1566,DB01681
1567,DB01682
1568,DB01683
1569,DB01684
1570,DB01685
1571,DB01686
1572,DB01687
1573,DB01688
1574,DB01689
1575,DB01690
1576,DB01691
1577,DB01692
1578,DB01693
1579,DB01694
1580,DB01695
1581,DB01696
1582,DB01697
1583,DB01698
1584,DB01699
1585,DB01700
1586,DB01701
1587,DB01702
1588,DB01704
1589,DB01705
1590,DB01706
1591,DB01707
1592,DB01708
1593,DB01709
1594,DB01710
1595,DB01711
1596,DB01712
1597,DB01713
1598,DB01714
1599,DB01715
1600,DB01716
1601,DB01717
1602,DB01718
1603,DB01719
1604,DB01720
1605,DB01721
1606,DB01722
1607,DB01723
1608,DB01724
1609,DB01725
1610,DB01726
1611,DB01727
1612,DB01728
1613,DB01729
1614,DB01730
1615,DB01731
1616,DB01732
1617,DB01733
1618,DB01734
1619,DB01735
1620,DB01736
1621,DB01737
1622,DB01738
1623,DB01739
1624,DB01740
1625,DB01741
1626,DB01742
1627,DB01743
1628,DB01744
1629,DB01745
1630,DB01746
1631,DB01747
1632,DB01748
1633,DB01749
1634,DB01750
1635,DB01751
1636,DB01752
1637,DB01753
1638,DB01754
1639,DB01755
1640,DB01756
1641,DB01758
1642,DB01759
1643,DB01760
1644,DB01761
1645,DB01762
1646,DB01763
1647,DB01765
1648,DB01766
1649,DB01767
1650,DB01768
1651,DB01769
1652,DB01770
1653,DB01771
1654,DB01772
1655,DB01773
1656,DB01774
1657,DB01775
1658,DB01776
1659,DB01777
1660,DB01778
1661,DB01779
1662,DB01780
1663,DB01782
1664,DB01783
1665,DB01784
1666,DB01785
1667,DB01786
1668,DB01788
1669,DB01789
1670,DB01790
1671,DB01791
1672,DB01792
1673,DB01793
1674,DB01794
1675,DB01795
1676,DB01796
1677,DB01797
1678,DB01798
1679,DB01799
1680,DB01800
1681,DB01802
1682,DB01803
1683,DB01804
1684,DB01805
1685,DB01806
1686,DB01807
1687,DB01808
1688,DB01809
1689,DB01810
1690,DB01811
1691,DB01812
1692,DB01813
1693,DB01814
1694,DB01815
1695,DB01816
1696,DB01817
1697,DB01818
1698,DB01819
1699,DB01820
1700,DB01821
1701,DB01822
1702,DB01823
1703,DB01824
1704,DB01825
1705,DB01826
1706,DB01827
1707,DB01828
1708,DB01829
1709,DB01830
1710,DB01831
1711,DB01832
1712,DB01833
1713,DB01834
1714,DB01835
1715,DB01836
1716,DB01837
1717,DB01838
1718,DB01839
1719,DB01840
1720,DB01841
1721,DB01842
1722,DB01843
1723,DB01844
1724,DB01845
1725,DB01846
1726,DB01847
1727,DB01848
1728,DB01849
1729,DB01850
1730,DB01851
1731,DB01852
1732,DB01854
1733,DB01855
1734,DB01856
1735,DB01857
1736,DB01858
1737,DB01859
1738,DB01860
1739,DB01861
1740,DB01862
1741,DB01863
1742,DB01864
1743,DB01865
1744,DB01866
1745,DB01867
1746,DB01868
1747,DB01869
1748,DB01870
1749,DB01871
1750,DB01872
1751,DB01873
1752,DB01874
1753,DB01875
1754,DB01876
1755,DB01877
1756,DB01878
1757,DB01879
1758,DB01880
1759,DB01881
1760,DB01882
1761,DB01883
1762,DB01884
1763,DB01885
1764,DB01887
1765,DB01888
1766,DB01889
1767,DB01890
1768,DB01891
1769,DB01892
1770,DB01893
1771,DB01894
1772,DB01895
1773,DB01896
1774,DB01897
1775,DB01898
1776,DB01899
1777,DB01900
1778,DB01901
1779,DB01902
1780,DB01903
1781,DB01904
1782,DB01905
1783,DB01906
1784,DB01907
1785,DB01908
1786,DB01909
1787,DB01910
1788,DB01913
1789,DB01914
1790,DB01915
1791,DB01917
1792,DB01918
1793,DB01919
1794,DB01920
1795,DB01921
1796,DB01922
1797,DB01923
1798,DB01924
1799,DB01925
1800,DB01926
1801,DB01927
1802,DB01928
1803,DB01929
1804,DB01930
1805,DB01931
1806,DB01932
1807,DB01933
1808,DB01934
1809,DB01935
1810,DB01936
1811,DB01937
1812,DB01938
1813,DB01939
1814,DB01940
1815,DB01941
1816,DB01942
1817,DB01943
1818,DB01944
1819,DB01945
1820,DB01946
1821,DB01947
1822,DB01948
1823,DB01949
1824,DB01950
1825,DB01951
1826,DB01952
1827,DB01953
1828,DB01954
1829,DB01955
1830,DB01956
1831,DB01957
1832,DB01958
1833,DB01959
1834,DB01960
1835,DB01961
1836,DB01962
1837,DB01963
1838,DB01964
1839,DB01965
1840,DB01966
1841,DB01967
1842,DB01968
1843,DB01969
1844,DB01970
1845,DB01971
1846,DB01972
1847,DB01973
1848,DB01974
1849,DB01975
1850,DB01976
1851,DB01977
1852,DB01978
1853,DB01979
1854,DB01980
1855,DB01981
1856,DB01982
1857,DB01983
1858,DB01984
1859,DB01985
1860,DB01986
1861,DB01987
1862,DB01988
1863,DB01989
1864,DB01990
1865,DB01991
1866,DB01992
1867,DB01993
1868,DB01994
1869,DB01995
1870,DB01996
1871,DB01998
1872,DB01999
1873,DB02000
1874,DB02001
1875,DB02002
1876,DB02004
1877,DB02005
1878,DB02006
1879,DB02007
1880,DB02008
1881,DB02009
1882,DB02010
1883,DB02011
1884,DB02013
1885,DB02014
1886,DB02015
1887,DB02016
1888,DB02017
1889,DB02018
1890,DB02019
1891,DB02020
1892,DB02021
1893,DB02022
1894,DB02023
1895,DB02024
1896,DB02025
1897,DB02026
1898,DB02027
1899,DB02028
1900,DB02029
1901,DB02030
1902,DB02031
1903,DB02032
1904,DB02033
1905,DB02034
1906,DB02035
1907,DB02036
1908,DB02037
1909,DB02038
1910,DB02039
1911,DB02041
1912,DB02042
1913,DB02043
1914,DB02044
1915,DB02045
1916,DB02046
1917,DB02047
1918,DB02048
1919,DB02049
1920,DB02050
1921,DB02051
1922,DB02052
1923,DB02053
1924,DB02054
1925,DB02055
1926,DB02056
1927,DB02057
1928,DB02058
1929,DB02059
1930,DB02060
1931,DB02061
1932,DB02062
1933,DB02063
1934,DB02065
1935,DB02066
1936,DB02067
1937,DB02068
1938,DB02069
1939,DB02070
1940,DB02071
1941,DB02072
1942,DB02073
1943,DB02074
1944,DB02075
1945,DB02076
1946,DB02077
1947,DB02078
1948,DB02079
1949,DB02080
1950,DB02081
1951,DB02082
1952,DB02083
1953,DB02084
1954,DB02085
1955,DB02086
1956,DB02087
1957,DB02088
1958,DB02089
1959,DB02090
1960,DB02091
1961,DB02092
1962,DB02093
1963,DB02094
1964,DB02095
1965,DB02096
1966,DB02097
1967,DB02098
1968,DB02099
1969,DB02100
1970,DB02101
1971,DB02102
1972,DB02103
1973,DB02104
1974,DB02105
1975,DB02106
1976,DB02107
1977,DB02108
1978,DB02109
1979,DB02110
1980,DB02111
1981,DB02112
1982,DB02113
1983,DB02114
1984,DB02115
1985,DB02116
1986,DB02118
1987,DB02119
1988,DB02120
1989,DB02121
1990,DB02122
1991,DB02123
1992,DB02124
1993,DB02125
1994,DB02126
1995,DB02127
1996,DB02128
1997,DB02129
1998,DB02130
1999,DB02131
2000,DB02132
2001,DB02133
2002,DB02134
2003,DB02135
2004,DB02136
2005,DB02137
2006,DB02138
2007,DB02139
2008,DB02140
2009,DB02141
2010,DB02142
2011,DB02143
2012,DB02144
2013,DB02145
2014,DB02146
2015,DB02147
2016,DB02148
2017,DB02150
2018,DB02151
2019,DB02152
2020,DB02153
2021,DB02154
2022,DB02155
2023,DB02156
2024,DB02157
2025,DB02158
2026,DB02159
2027,DB02160
2028,DB02161
2029,DB02162
2030,DB02163
2031,DB02164
2032,DB02165
2033,DB02166
2034,DB02167
2035,DB02168
2036,DB02169
2037,DB02170
2038,DB02171
2039,DB02172
2040,DB02174
2041,DB02175
2042,DB02176
2043,DB02177
2044,DB02178
2045,DB02179
2046,DB02180
2047,DB02181
2048,DB02182
2049,DB02183
2050,DB02184
2051,DB02185
2052,DB02186
2053,DB02187
2054,DB02188
2055,DB02189
2056,DB02190
2057,DB02191
2058,DB02192
2059,DB02193
2060,DB02194
2061,DB02195
2062,DB02196
2063,DB02197
2064,DB02198
2065,DB02199
2066,DB02200
2067,DB02201
2068,DB02202
2069,DB02203
2070,DB02205
2071,DB02207
2072,DB02209
2073,DB02210
2074,DB02211
2075,DB02212
2076,DB02213
2077,DB02214
2078,DB02215
2079,DB02216
2080,DB02217
2081,DB02218
2082,DB02219
2083,DB02220
2084,DB02221
2085,DB02222
2086,DB02223
2087,DB02224
2088,DB02225
2089,DB02226
2090,DB02227
2091,DB02228
2092,DB02229
2093,DB02230
2094,DB02232
2095,DB02233
2096,DB02234
2097,DB02235
2098,DB02236
2099,DB02237
2100,DB02238
2101,DB02239
2102,DB02240
2103,DB02241
2104,DB02242
2105,DB02243
2106,DB02245
2107,DB02247
2108,DB02248
2109,DB02249
2110,DB02250
2111,DB02251
2112,DB02252
2113,DB02253
2114,DB02254
2115,DB02255
2116,DB02256
2117,DB02257
2118,DB02258
2119,DB02259
2120,DB02260
2121,DB02261
2122,DB02262
2123,DB02263
2124,DB02264
2125,DB02265
2126,DB02266
2127,DB02267
2128,DB02268
2129,DB02269
2130,DB02270
2131,DB02271
2132,DB02272
2133,DB02273
2134,DB02274
2135,DB02275
2136,DB02276
2137,DB02277
2138,DB02278
2139,DB02279
2140,DB02280
2141,DB02281
2142,DB02282
2143,DB02283
2144,DB02284
2145,DB02285
2146,DB02286
2147,DB02287
2148,DB02288
2149,DB02289
2150,DB02290
2151,DB02292
2152,DB02293
2153,DB02294
2154,DB02295
2155,DB02296
2156,DB02297
2157,DB02298
2158,DB02299
2159,DB02301
2160,DB02302
2161,DB02303
2162,DB02304
2163,DB02305
2164,DB02306
2165,DB02307
2166,DB02308
2167,DB02309
2168,DB02310
2169,DB02311
2170,DB02312
2171,DB02313
2172,DB02314
2173,DB02315
2174,DB02316
2175,DB02317
2176,DB02318
2177,DB02319
2178,DB02320
2179,DB02321
2180,DB02322
2181,DB02323
2182,DB02324
2183,DB02325
2184,DB02326
2185,DB02327
2186,DB02328
2187,DB02329
2188,DB02330
2189,DB02331
2190,DB02332
2191,DB02333
2192,DB02334
2193,DB02335
2194,DB02336
2195,DB02337
2196,DB02338
2197,DB02339
2198,DB02340
2199,DB02341
2200,DB02343
2201,DB02344
2202,DB02345
2203,DB02346
2204,DB02347
2205,DB02348
2206,DB02349
2207,DB02350
2208,DB02351
2209,DB02352
2210,DB02353
2211,DB02354
2212,DB02355
2213,DB02356
2214,DB02357
2215,DB02358
2216,DB02359
2217,DB02360
2218,DB02361
2219,DB02362
2220,DB02363
2221,DB02364
2222,DB02365
2223,DB02366
2224,DB02367
2225,DB02368
2226,DB02369
2227,DB02370
2228,DB02371
2229,DB02372
2230,DB02373
2231,DB02374
2232,DB02375
2233,DB02376
2234,DB02377
2235,DB02378
2236,DB02379
2237,DB02380
2238,DB02381
2239,DB02382
2240,DB02383
2241,DB02384
2242,DB02385
2243,DB02386
2244,DB02387
2245,DB02388
2246,DB02389
2247,DB02390
2248,DB02391
2249,DB02392
2250,DB02393
2251,DB02394
2252,DB02395
2253,DB02396
2254,DB02397
2255,DB02398
2256,DB02399
2257,DB02400
2258,DB02401
2259,DB02402
2260,DB02403
2261,DB02404
2262,DB02405
2263,DB02406
2264,DB02407
2265,DB02408
2266,DB02409
2267,DB02411
2268,DB02412
2269,DB02413
2270,DB02414
2271,DB02415
2272,DB02416
2273,DB02417
2274,DB02418
2275,DB02419
2276,DB02420
2277,DB02421
2278,DB02422
2279,DB02423
2280,DB02424
2281,DB02425
2282,DB02426
2283,DB02427
2284,DB02428
2285,DB02429
2286,DB02430
2287,DB02431
2288,DB02432
2289,DB02433
2290,DB02434
2291,DB02435
2292,DB02436
2293,DB02437
2294,DB02438
2295,DB02440
2296,DB02441
2297,DB02442
2298,DB02443
2299,DB02444
2300,DB02445
2301,DB02446
2302,DB02447
2303,DB02448
2304,DB02449
2305,DB02450
2306,DB02451
2307,DB02452
2308,DB02453
2309,DB02454
2310,DB02455
2311,DB02456
2312,DB02457
2313,DB02458
2314,DB02459
2315,DB02460
2316,DB02461
2317,DB02462
2318,DB02463
2319,DB02464
2320,DB02465
2321,DB02466
2322,DB02467
2323,DB02468
2324,DB02469
2325,DB02470
2326,DB02471
2327,DB02472
2328,DB02473
2329,DB02474
2330,DB02475
2331,DB02476
2332,DB02477
2333,DB02478
2334,DB02479
2335,DB02480
2336,DB02481
2337,DB02482
2338,DB02483
2339,DB02484
2340,DB02485
2341,DB02486
2342,DB02487
2343,DB02488
2344,DB02489
2345,DB02490
2346,DB02491
2347,DB02492
2348,DB02493
2349,DB02494
2350,DB02495
2351,DB02496
2352,DB02497
2353,DB02498
2354,DB02499
2355,DB02500
2356,DB02501
2357,DB02502
2358,DB02503
2359,DB02504
2360,DB02505
2361,DB02506
2362,DB02507
2363,DB02508
2364,DB02509
2365,DB02510
2366,DB02511
2367,DB02512
2368,DB02513
2369,DB02514
2370,DB02515
2371,DB02516
2372,DB02517
2373,DB02518
2374,DB02519
2375,DB02520
2376,DB02521
2377,DB02522
2378,DB02523
2379,DB02525
2380,DB02526
2381,DB02527
2382,DB02528
2383,DB02529
2384,DB02530
2385,DB02531
2386,DB02532
2387,DB02533
2388,DB02534
2389,DB02535
2390,DB02536
2391,DB02537
2392,DB02538
2393,DB02539
2394,DB02540
2395,DB02541
2396,DB02542
2397,DB02543
2398,DB02544
2399,DB02545
2400,DB02547
2401,DB02548
2402,DB02549
2403,DB02550
2404,DB02551
2405,DB02552
2406,DB02553
2407,DB02554
2408,DB02555
2409,DB02556
2410,DB02557
2411,DB02558
2412,DB02559
2413,DB02560
2414,DB02561
2415,DB02562
2416,DB02563
2417,DB02564
2418,DB02565
2419,DB02566
2420,DB02567
2421,DB02568
2422,DB02569
2423,DB02570
2424,DB02571
2425,DB02572
2426,DB02573
2427,DB02574
2428,DB02575
2429,DB02576
2430,DB02577
2431,DB02578
2432,DB02579
2433,DB02580
2434,DB02581
2435,DB02582
2436,DB02583
2437,DB02584
2438,DB02585
2439,DB02586
2440,DB02587
2441,DB02588
2442,DB02589
2443,DB02590
2444,DB02591
2445,DB02592
2446,DB02593
2447,DB02594
2448,DB02595
2449,DB02596
2450,DB02597
2451,DB02598
2452,DB02599
2453,DB02600
2454,DB02601
2455,DB02602
2456,DB02603
2457,DB02604
2458,DB02605
2459,DB02606
2460,DB02607
2461,DB02608
2462,DB02609
2463,DB02610
2464,DB02611
2465,DB02612
2466,DB02613
2467,DB02614
2468,DB02615
2469,DB02616
2470,DB02617
2471,DB02618
2472,DB02619
2473,DB02620
2474,DB02621
2475,DB02622
2476,DB02623
2477,DB02624
2478,DB02625
2479,DB02627
2480,DB02628
2481,DB02629
2482,DB02630
2483,DB02631
2484,DB02632
2485,DB02633
2486,DB02634
2487,DB02635
2488,DB02636
2489,DB02637
2490,DB02639
2491,DB02640
2492,DB02641
2493,DB02642
2494,DB02643
2495,DB02644
2496,DB02645
2497,DB02646
2498,DB02647
2499,DB02648
2500,DB02649
2501,DB02650
2502,DB02651
2503,DB02652
2504,DB02654
2505,DB02655
2506,DB02656
2507,DB02657
2508,DB02658
2509,DB02659
2510,DB02660
2511,DB02661
2512,DB02662
2513,DB02663
2514,DB02664
2515,DB02665
2516,DB02666
2517,DB02667
2518,DB02668
2519,DB02669
2520,DB02670
2521,DB02671
2522,DB02672
2523,DB02673
2524,DB02674
2525,DB02675
2526,DB02676
2527,DB02677
2528,DB02678
2529,DB02679
2530,DB02680
2531,DB02681
2532,DB02682
2533,DB02683
2534,DB02684
2535,DB02685
2536,DB02686
2537,DB02687
2538,DB02688
2539,DB02689
2540,DB02690
2541,DB02691
2542,DB02692
2543,DB02693
2544,DB02694
2545,DB02695
2546,DB02696
2547,DB02697
2548,DB02698
2549,DB02699
2550,DB02700
2551,DB02701
2552,DB02702
2553,DB02704
2554,DB02705
2555,DB02706
2556,DB02707
2557,DB02709
2558,DB02710
2559,DB02711
2560,DB02712
2561,DB02713
2562,DB02714
2563,DB02715
2564,DB02716
2565,DB02717
2566,DB02718
2567,DB02719
2568,DB02720
2569,DB02721
2570,DB02722
2571,DB02723
2572,DB02724
2573,DB02725
2574,DB02726
2575,DB02727
2576,DB02728
2577,DB02729
2578,DB02730
2579,DB02731
2580,DB02732
2581,DB02733
2582,DB02734
2583,DB02735
2584,DB02736
2585,DB02737
2586,DB02738
2587,DB02739
2588,DB02740
2589,DB02741
2590,DB02742
2591,DB02743
2592,DB02744
2593,DB02745
2594,DB02746
2595,DB02747
2596,DB02748
2597,DB02749
2598,DB02750
2599,DB02751
2600,DB02752
2601,DB02753
2602,DB02754
2603,DB02755
2604,DB02756
2605,DB02757
2606,DB02758
2607,DB02759
2608,DB02760
2609,DB02761
2610,DB02762
2611,DB02763
2612,DB02764
2613,DB02765
2614,DB02766
2615,DB02767
2616,DB02768
2617,DB02769
2618,DB02770
2619,DB02771
2620,DB02772
2621,DB02773
2622,DB02774
2623,DB02775
2624,DB02776
2625,DB02777
2626,DB02778
2627,DB02779
2628,DB02780
2629,DB02782
2630,DB02783
2631,DB02784
2632,DB02785
2633,DB02786
2634,DB02787
2635,DB02788
2636,DB02789
2637,DB02790
2638,DB02791
2639,DB02792
2640,DB02793
2641,DB02794
2642,DB02795
2643,DB02796
2644,DB02797
2645,DB02798
2646,DB02799
2647,DB02800
2648,DB02801
2649,DB02802
2650,DB02803
2651,DB02804
2652,DB02805
2653,DB02806
2654,DB02807
2655,DB02808
2656,DB02809
2657,DB02810
2658,DB02811
2659,DB02812
2660,DB02813
2661,DB02814
2662,DB02815
2663,DB02816
2664,DB02817
2665,DB02818
2666,DB02819
2667,DB02820
2668,DB02821
2669,DB02822
2670,DB02823
2671,DB02824
2672,DB02825
2673,DB02826
2674,DB02827
2675,DB02828
2676,DB02829
2677,DB02830
2678,DB02831
2679,DB02832
2680,DB02833
2681,DB02834
2682,DB02835
2683,DB02836
2684,DB02837
2685,DB02838
2686,DB02839
2687,DB02840
2688,DB02841
2689,DB02842
2690,DB02843
2691,DB02844
2692,DB02845
2693,DB02846
2694,DB02847
2695,DB02848
2696,DB02849
2697,DB02850
2698,DB02851
2699,DB02852
2700,DB02853
2701,DB02854
2702,DB02855
2703,DB02856
2704,DB02857
2705,DB02858
2706,DB02859
2707,DB02860
2708,DB02861
2709,DB02862
2710,DB02863
2711,DB02864
2712,DB02865
2713,DB02866
2714,DB02867
2715,DB02868
2716,DB02869
2717,DB02870
2718,DB02871
2719,DB02872
2720,DB02873
2721,DB02875
2722,DB02876
2723,DB02877
2724,DB02878
2725,DB02879
2726,DB02880
2727,DB02881
2728,DB02882
2729,DB02883
2730,DB02884
2731,DB02885
2732,DB02886
2733,DB02887
2734,DB02888
2735,DB02889
2736,DB02890
2737,DB02891
2738,DB02892
2739,DB02893
2740,DB02894
2741,DB02895
2742,DB02896
2743,DB02897
2744,DB02898
2745,DB02899
2746,DB02900
2747,DB02902
2748,DB02903
2749,DB02904
2750,DB02905
2751,DB02906
2752,DB02907
2753,DB02908
2754,DB02909
2755,DB02910
2756,DB02911
2757,DB02912
2758,DB02914
2759,DB02915
2760,DB02916
2761,DB02917
2762,DB02918
2763,DB02919
2764,DB02920
2765,DB02921
2766,DB02922
2767,DB02923
2768,DB02924
2769,DB02925
2770,DB02926
2771,DB02927
2772,DB02928
2773,DB02929
2774,DB02930
2775,DB02931
2776,DB02932
2777,DB02933
2778,DB02934
2779,DB02935
2780,DB02936
2781,DB02937
2782,DB02938
2783,DB02939
2784,DB02940
2785,DB02941
2786,DB02942
2787,DB02943
2788,DB02944
2789,DB02945
2790,DB02946
2791,DB02947
2792,DB02948
2793,DB02949
2794,DB02950
2795,DB02951
2796,DB02952
2797,DB02953
2798,DB02954
2799,DB02955
2800,DB02956
2801,DB02957
2802,DB02958
2803,DB02959
2804,DB02960
2805,DB02961
2806,DB02962
2807,DB02963
2808,DB02964
2809,DB02965
2810,DB02966
2811,DB02967
2812,DB02968
2813,DB02969
2814,DB02970
2815,DB02971
2816,DB02972
2817,DB02973
2818,DB02974
2819,DB02975
2820,DB02976
2821,DB02977
2822,DB02978
2823,DB02979
2824,DB02980
2825,DB02981
2826,DB02982
2827,DB02983
2828,DB02984
2829,DB02985
2830,DB02986
2831,DB02987
2832,DB02988
2833,DB02989
2834,DB02990
2835,DB02991
2836,DB02992
2837,DB02993
2838,DB02994
2839,DB02995
2840,DB02996
2841,DB02998
2842,DB02999
2843,DB03000
2844,DB03001
2845,DB03002
2846,DB03003
2847,DB03004
2848,DB03005
2849,DB03006
2850,DB03007
2851,DB03008
2852,DB03009
2853,DB03010
2854,DB03011
2855,DB03012
2856,DB03013
2857,DB03014
2858,DB03015
2859,DB03016
2860,DB03017
2861,DB03018
2862,DB03019
2863,DB03020
2864,DB03021
2865,DB03022
2866,DB03023
2867,DB03024
2868,DB03025
2869,DB03026
2870,DB03027
2871,DB03028
2872,DB03029
2873,DB03030
2874,DB03031
2875,DB03032
2876,DB03033
2877,DB03034
2878,DB03035
2879,DB03037
2880,DB03038
2881,DB03039
2882,DB03040
2883,DB03041
2884,DB03042
2885,DB03043
2886,DB03044
2887,DB03045
2888,DB03046
2889,DB03047
2890,DB03048
2891,DB03049
2892,DB03050
2893,DB03051
2894,DB03052
2895,DB03053
2896,DB03054
2897,DB03056
2898,DB03057
2899,DB03058
2900,DB03059
2901,DB03060
2902,DB03061
2903,DB03062
2904,DB03063
2905,DB03064
2906,DB03065
2907,DB03066
2908,DB03067
2909,DB03068
2910,DB03069
2911,DB03070
2912,DB03071
2913,DB03072
2914,DB03073
2915,DB03074
2916,DB03075
2917,DB03076
2918,DB03077
2919,DB03078
2920,DB03079
2921,DB03080
2922,DB03081
2923,DB03082
2924,DB03083
2925,DB03084
2926,DB03085
2927,DB03086
2928,DB03087
2929,DB03088
2930,DB03089
2931,DB03090
2932,DB03091
2933,DB03092
2934,DB03093
2935,DB03094
2936,DB03095
2937,DB03096
2938,DB03097
2939,DB03098
2940,DB03099
2941,DB03100
2942,DB03101
2943,DB03102
2944,DB03103
2945,DB03104
2946,DB03105
2947,DB03106
2948,DB03107
2949,DB03108
2950,DB03109
2951,DB03110
2952,DB03111
2953,DB03112
2954,DB03113
2955,DB03114
2956,DB03115
2957,DB03116
2958,DB03117
2959,DB03118
2960,DB03119
2961,DB03120
2962,DB03121
2963,DB03122
2964,DB03123
2965,DB03124
2966,DB03125
2967,DB03126
2968,DB03127
2969,DB03128
2970,DB03129
2971,DB03130
2972,DB03131
2973,DB03132
2974,DB03133
2975,DB03134
2976,DB03135
2977,DB03136
2978,DB03137
2979,DB03138
2980,DB03139
2981,DB03140
2982,DB03141
2983,DB03142
2984,DB03143
2985,DB03144
2986,DB03145
2987,DB03146
2988,DB03147
2989,DB03148
2990,DB03149
2991,DB03150
2992,DB03152
2993,DB03153
2994,DB03154
2995,DB03155
2996,DB03156
2997,DB03157
2998,DB03158
2999,DB03159
3000,DB03160
3001,DB03161
3002,DB03162
3003,DB03163
3004,DB03164
3005,DB03165
3006,DB03166
3007,DB03167
3008,DB03168
3009,DB03169
3010,DB03170
3011,DB03171
3012,DB03172
3013,DB03173
3014,DB03174
3015,DB03175
3016,DB03176
3017,DB03177
3018,DB03178
3019,DB03179
3020,DB03180
3021,DB03181
3022,DB03182
3023,DB03183
3024,DB03184
3025,DB03185
3026,DB03186
3027,DB03187
3028,DB03188
3029,DB03189
3030,DB03190
3031,DB03191
3032,DB03192
3033,DB03193
3034,DB03194
3035,DB03195
3036,DB03196
3037,DB03197
3038,DB03198
3039,DB03199
3040,DB03200
3041,DB03201
3042,DB03202
3043,DB03203
3044,DB03204
3045,DB03205
3046,DB03206
3047,DB03207
3048,DB03208
3049,DB03209
3050,DB03210
3051,DB03211
3052,DB03212
3053,DB03213
3054,DB03214
3055,DB03215
3056,DB03216
3057,DB03217
3058,DB03218
3059,DB03219
3060,DB03220
3061,DB03221
3062,DB03222
3063,DB03223
3064,DB03224
3065,DB03225
3066,DB03226
3067,DB03227
3068,DB03228
3069,DB03229
3070,DB03230
3071,DB03231
3072,DB03232
3073,DB03233
3074,DB03234
3075,DB03235
3076,DB03236
3077,DB03237
3078,DB03238
3079,DB03239
3080,DB03240
3081,DB03241
3082,DB03242
3083,DB03243
3084,DB03244
3085,DB03245
3086,DB03246
3087,DB03247
3088,DB03248
3089,DB03249
3090,DB03250
3091,DB03251
3092,DB03252
3093,DB03253
3094,DB03254
3095,DB03255
3096,DB03256
3097,DB03257
3098,DB03258
3099,DB03259
3100,DB03260
3101,DB03261
3102,DB03262
3103,DB03263
3104,DB03264
3105,DB03265
3106,DB03266
3107,DB03267
3108,DB03268
3109,DB03269
3110,DB03270
3111,DB03271
3112,DB03272
3113,DB03273
3114,DB03274
3115,DB03275
3116,DB03276
3117,DB03277
3118,DB03278
3119,DB03279
3120,DB03280
3121,DB03281
3122,DB03283
3123,DB03284
3124,DB03285
3125,DB03286
3126,DB03287
3127,DB03288
3128,DB03290
3129,DB03291
3130,DB03292
3131,DB03293
3132,DB03294
3133,DB03295
3134,DB03296
3135,DB03297
3136,DB03298
3137,DB03299
3138,DB03300
3139,DB03301
3140,DB03302
3141,DB03303
3142,DB03304
3143,DB03305
3144,DB03306
3145,DB03307
3146,DB03308
3147,DB03309
3148,DB03310
3149,DB03311
3150,DB03312
3151,DB03313
3152,DB03314
3153,DB03315
3154,DB03316
3155,DB03317
3156,DB03318
3157,DB03319
3158,DB03320
3159,DB03321
3160,DB03322
3161,DB03323
3162,DB03324
3163,DB03325
3164,DB03326
3165,DB03327
3166,DB03328
3167,DB03329
3168,DB03330
3169,DB03331
3170,DB03332
3171,DB03333
3172,DB03334
3173,DB03335
3174,DB03336
3175,DB03337
3176,DB03338
3177,DB03339
3178,DB03340
3179,DB03341
3180,DB03342
3181,DB03343
3182,DB03344
3183,DB03345
3184,DB03346
3185,DB03347
3186,DB03349
3187,DB03350
3188,DB03351
3189,DB03352
3190,DB03353
3191,DB03354
3192,DB03355
3193,DB03357
3194,DB03358
3195,DB03359
3196,DB03360
3197,DB03361
3198,DB03362
3199,DB03363
3200,DB03364
3201,DB03365
3202,DB03366
3203,DB03367
3204,DB03368
3205,DB03369
3206,DB03370
3207,DB03371
3208,DB03372
3209,DB03373
3210,DB03374
3211,DB03375
3212,DB03376
3213,DB03377
3214,DB03379
3215,DB03380
3216,DB03381
3217,DB03382
3218,DB03383
3219,DB03384
3220,DB03385
3221,DB03386
3222,DB03387
3223,DB03388
3224,DB03389
3225,DB03390
3226,DB03391
3227,DB03392
3228,DB03393
3229,DB03394
3230,DB03395
3231,DB03396
3232,DB03397
3233,DB03398
3234,DB03399
3235,DB03400
3236,DB03401
3237,DB03402
3238,DB03403
3239,DB03404
3240,DB03405
3241,DB03406
3242,DB03407
3243,DB03408
3244,DB03409
3245,DB03410
3246,DB03411
3247,DB03412
3248,DB03413
3249,DB03414
3250,DB03415
3251,DB03416
3252,DB03417
3253,DB03418
3254,DB03419
3255,DB03420
3256,DB03421
3257,DB03422
3258,DB03423
3259,DB03424
3260,DB03425
3261,DB03426
3262,DB03427
3263,DB03428
3264,DB03429
3265,DB03430
3266,DB03431
3267,DB03432
3268,DB03433
3269,DB03434
3270,DB03435
3271,DB03437
3272,DB03438
3273,DB03439
3274,DB03440
3275,DB03441
3276,DB03442
3277,DB03443
3278,DB03444
3279,DB03445
3280,DB03446
3281,DB03447
3282,DB03448
3283,DB03449
3284,DB03450
3285,DB03451
3286,DB03452
3287,DB03453
3288,DB03454
3289,DB03455
3290,DB03456
3291,DB03457
3292,DB03458
3293,DB03459
3294,DB03460
3295,DB03461
3296,DB03462
3297,DB03463
3298,DB03464
3299,DB03465
3300,DB03466
3301,DB03467
3302,DB03468
3303,DB03469
3304,DB03470
3305,DB03471
3306,DB03472
3307,DB03473
3308,DB03474
3309,DB03475
3310,DB03476
3311,DB03477
3312,DB03478
3313,DB03479
3314,DB03480
3315,DB03481
3316,DB03482
3317,DB03483
3318,DB03484
3319,DB03485
3320,DB03486
3321,DB03487
3322,DB03488
3323,DB03489
3324,DB03490
3325,DB03491
3326,DB03493
3327,DB03494
3328,DB03495
3329,DB03496
3330,DB03498
3331,DB03499
3332,DB03500
3333,DB03501
3334,DB03502
3335,DB03503
3336,DB03504
3337,DB03505
3338,DB03506
3339,DB03507
3340,DB03508
3341,DB03509
3342,DB03510
3343,DB03511
3344,DB03512
3345,DB03513
3346,DB03514
3347,DB03515
3348,DB03517
3349,DB03518
3350,DB03519
3351,DB03520
3352,DB03522
3353,DB03523
3354,DB03524
3355,DB03525
3356,DB03526
3357,DB03527
3358,DB03528
3359,DB03530
3360,DB03531
3361,DB03532
3362,DB03533
3363,DB03534
3364,DB03535
3365,DB03536
3366,DB03537
3367,DB03538
3368,DB03539
3369,DB03540
3370,DB03541
3371,DB03542
3372,DB03543
3373,DB03544
3374,DB03546
3375,DB03548
3376,DB03549
3377,DB03550
3378,DB03551
3379,DB03552
3380,DB03553
3381,DB03554
3382,DB03555
3383,DB03556
3384,DB03557
3385,DB03558
3386,DB03559
3387,DB03560
3388,DB03561
3389,DB03562
3390,DB03563
3391,DB03564
3392,DB03565
3393,DB03566
3394,DB03567
3395,DB03568
3396,DB03569
3397,DB03570
3398,DB03571
3399,DB03572
3400,DB03573
3401,DB03576
3402,DB03577
3403,DB03578
3404,DB03579
3405,DB03581
3406,DB03582
3407,DB03583
3408,DB03584
3409,DB03586
3410,DB03587
3411,DB03588
3412,DB03589
3413,DB03590
3414,DB03591
3415,DB03592
3416,DB03593
3417,DB03594
3418,DB03595
3419,DB03596
3420,DB03597
3421,DB03598
3422,DB03599
3423,DB03600
3424,DB03601
3425,DB03602
3426,DB03603
3427,DB03604
3428,DB03605
3429,DB03606
3430,DB03607
3431,DB03608
3432,DB03609
3433,DB03610
3434,DB03611
3435,DB03612
3436,DB03613
3437,DB03614
3438,DB03615
3439,DB03616
3440,DB03617
3441,DB03618
3442,DB03619
3443,DB03620
3444,DB03621
3445,DB03622
3446,DB03623
3447,DB03624
3448,DB03625
3449,DB03626
3450,DB03627
3451,DB03628
3452,DB03629
3453,DB03630
3454,DB03631
3455,DB03632
3456,DB03633
3457,DB03634
3458,DB03635
3459,DB03636
3460,DB03637
3461,DB03638
3462,DB03639
3463,DB03640
3464,DB03641
3465,DB03642
3466,DB03643
3467,DB03644
3468,DB03645
3469,DB03646
3470,DB03647
3471,DB03648
3472,DB03649
3473,DB03650
3474,DB03651
3475,DB03652
3476,DB03653
3477,DB03654
3478,DB03655
3479,DB03656
3480,DB03657
3481,DB03658
3482,DB03659
3483,DB03660
3484,DB03661
3485,DB03662
3486,DB03663
3487,DB03664
3488,DB03665
3489,DB03666
3490,DB03667
3491,DB03668
3492,DB03669
3493,DB03670
3494,DB03671
3495,DB03672
3496,DB03673
3497,DB03674
3498,DB03675
3499,DB03676
3500,DB03677
3501,DB03678
3502,DB03679
3503,DB03680
3504,DB03681
3505,DB03682
3506,DB03683
3507,DB03684
3508,DB03685
3509,DB03686
3510,DB03687
3511,DB03688
3512,DB03689
3513,DB03690
3514,DB03691
3515,DB03692
3516,DB03693
3517,DB03694
3518,DB03695
3519,DB03696
3520,DB03697
3521,DB03698
3522,DB03699
3523,DB03700
3524,DB03701
3525,DB03702
3526,DB03703
3527,DB03704
3528,DB03705
3529,DB03706
3530,DB03707
3531,DB03708
3532,DB03709
3533,DB03710
3534,DB03711
3535,DB03712
3536,DB03713
3537,DB03714
3538,DB03715
3539,DB03716
3540,DB03717
3541,DB03718
3542,DB03719
3543,DB03720
3544,DB03721
3545,DB03722
3546,DB03723
3547,DB03724
3548,DB03725
3549,DB03726
3550,DB03727
3551,DB03728
3552,DB03729
3553,DB03730
3554,DB03731
3555,DB03732
3556,DB03733
3557,DB03734
3558,DB03735
3559,DB03736
3560,DB03737
3561,DB03738
3562,DB03739
3563,DB03740
3564,DB03741
3565,DB03742
3566,DB03743
3567,DB03744
3568,DB03745
3569,DB03746
3570,DB03747
3571,DB03748
3572,DB03749
3573,DB03750
3574,DB03751
3575,DB03752
3576,DB03753
3577,DB03754
3578,DB03755
3579,DB03756
3580,DB03757
3581,DB03758
3582,DB03759
3583,DB03760
3584,DB03761
3585,DB03762
3586,DB03763
3587,DB03764
3588,DB03765
3589,DB03766
3590,DB03767
3591,DB03768
3592,DB03769
3593,DB03770
3594,DB03771
3595,DB03772
3596,DB03773
3597,DB03774
3598,DB03775
3599,DB03776
3600,DB03777
3601,DB03778
3602,DB03779
3603,DB03780
3604,DB03781
3605,DB03782
3606,DB03784
3607,DB03785
3608,DB03786
3609,DB03787
3610,DB03788
3611,DB03789
3612,DB03790
3613,DB03791
3614,DB03792
3615,DB03793
3616,DB03794
3617,DB03795
3618,DB03796
3619,DB03797
3620,DB03798
3621,DB03799
3622,DB03800
3623,DB03801
3624,DB03802
3625,DB03803
3626,DB03804
3627,DB03805
3628,DB03806
3629,DB03807
3630,DB03808
3631,DB03809
3632,DB03810
3633,DB03811
3634,DB03812
3635,DB03813
3636,DB03814
3637,DB03815
3638,DB03816
3639,DB03817
3640,DB03818
3641,DB03819
3642,DB03820
3643,DB03821
3644,DB03822
3645,DB03823
3646,DB03824
3647,DB03825
3648,DB03826
3649,DB03827
3650,DB03828
3651,DB03829
3652,DB03830
3653,DB03831
3654,DB03832
3655,DB03833
3656,DB03834
3657,DB03835
3658,DB03836
3659,DB03837
3660,DB03838
3661,DB03839
3662,DB03840
3663,DB03841
3664,DB03842
3665,DB03843
3666,DB03844
3667,DB03845
3668,DB03847
3669,DB03848
3670,DB03849
3671,DB03850
3672,DB03851
3673,DB03852
3674,DB03853
3675,DB03854
3676,DB03855
3677,DB03856
3678,DB03857
3679,DB03858
3680,DB03859
3681,DB03860
3682,DB03861
3683,DB03862
3684,DB03863
3685,DB03864
3686,DB03865
3687,DB03866
3688,DB03867
3689,DB03868
3690,DB03869
3691,DB03870
3692,DB03872
3693,DB03873
3694,DB03874
3695,DB03875
3696,DB03876
3697,DB03877
3698,DB03878
3699,DB03879
3700,DB03880
3701,DB03881
3702,DB03882
3703,DB03883
3704,DB03884
3705,DB03885
3706,DB03886
3707,DB03887
3708,DB03888
3709,DB03889
3710,DB03890
3711,DB03891
3712,DB03892
3713,DB03893
3714,DB03894
3715,DB03895
3716,DB03896
3717,DB03897
3718,DB03898
3719,DB03899
3720,DB03900
3721,DB03901
3722,DB03902
3723,DB03903
3724,DB03904
3725,DB03905
3726,DB03906
3727,DB03907
3728,DB03908
3729,DB03909
3730,DB03910
3731,DB03911
3732,DB03912
3733,DB03913
3734,DB03914
3735,DB03915
3736,DB03916
3737,DB03917
3738,DB03918
3739,DB03919
3740,DB03920
3741,DB03921
3742,DB03922
3743,DB03923
3744,DB03924
3745,DB03925
3746,DB03926
3747,DB03927
3748,DB03928
3749,DB03929
3750,DB03930
3751,DB03931
3752,DB03932
3753,DB03933
3754,DB03934
3755,DB03935
3756,DB03936
3757,DB03937
3758,DB03938
3759,DB03939
3760,DB03940
3761,DB03941
3762,DB03942
3763,DB03943
3764,DB03944
3765,DB03945
3766,DB03946
3767,DB03947
3768,DB03948
3769,DB03949
3770,DB03950
3771,DB03951
3772,DB03952
3773,DB03953
3774,DB03954
3775,DB03955
3776,DB03956
3777,DB03957
3778,DB03958
3779,DB03959
3780,DB03960
3781,DB03961
3782,DB03962
3783,DB03963
3784,DB03964
3785,DB03965
3786,DB03966
3787,DB03967
3788,DB03968
3789,DB03969
3790,DB03970
3791,DB03971
3792,DB03972
3793,DB03973
3794,DB03974
3795,DB03975
3796,DB03976
3797,DB03977
3798,DB03978
3799,DB03979
3800,DB03980
3801,DB03981
3802,DB03982
3803,DB03983
3804,DB03984
3805,DB03985
3806,DB03986
3807,DB03987
3808,DB03988
3809,DB03989
3810,DB03990
3811,DB03991
3812,DB03992
3813,DB03993
3814,DB03994
3815,DB03995
3816,DB03996
3817,DB03997
3818,DB03998
3819,DB03999
3820,DB04000
3821,DB04001
3822,DB04002
3823,DB04003
3824,DB04004
3825,DB04005
3826,DB04006
3827,DB04007
3828,DB04008
3829,DB04009
3830,DB04010
3831,DB04011
3832,DB04012
3833,DB04013
3834,DB04014
3835,DB04015
3836,DB04016
3837,DB04017
3838,DB04018
3839,DB04020
3840,DB04021
3841,DB04022
3842,DB04023
3843,DB04024
3844,DB04025
3845,DB04026
3846,DB04027
3847,DB04028
3848,DB04029
3849,DB04030
3850,DB04031
3851,DB04032
3852,DB04033
3853,DB04034
3854,DB04035
3855,DB04036
3856,DB04037
3857,DB04038
3858,DB04039
3859,DB04040
3860,DB04041
3861,DB04042
3862,DB04043
3863,DB04044
3864,DB04045
3865,DB04046
3866,DB04047
3867,DB04048
3868,DB04049
3869,DB04050
3870,DB04051
3871,DB04052
3872,DB04053
3873,DB04054
3874,DB04055
3875,DB04056
3876,DB04057
3877,DB04058
3878,DB04059
3879,DB04060
3880,DB04061
3881,DB04062
3882,DB04063
3883,DB04064
3884,DB04065
3885,DB04066
3886,DB04067
3887,DB04068
3888,DB04069
3889,DB04070
3890,DB04071
3891,DB04072
3892,DB04073
3893,DB04074
3894,DB04075
3895,DB04076
3896,DB04077
3897,DB04078
3898,DB04079
3899,DB04080
3900,DB04081
3901,DB04082
3902,DB04083
3903,DB04084
3904,DB04085
3905,DB04086
3906,DB04087
3907,DB04088
3908,DB04089
3909,DB04090
3910,DB04091
3911,DB04092
3912,DB04093
3913,DB04094
3914,DB04095
3915,DB04096
3916,DB04097
3917,DB04098
3918,DB04099
3919,DB04100
3920,DB04101
3921,DB04102
3922,DB04103
3923,DB04104
3924,DB04105
3925,DB04106
3926,DB04107
3927,DB04108
3928,DB04109
3929,DB04110
3930,DB04111
3931,DB04112
3932,DB04113
3933,DB04114
3934,DB04115
3935,DB04116
3936,DB04117
3937,DB04118
3938,DB04120
3939,DB04121
3940,DB04122
3941,DB04123
3942,DB04124
3943,DB04125
3944,DB04126
3945,DB04127
3946,DB04128
3947,DB04129
3948,DB04130
3949,DB04131
3950,DB04132
3951,DB04133
3952,DB04134
3953,DB04135
3954,DB04136
3955,DB04137
3956,DB04138
3957,DB04139
3958,DB04140
3959,DB04141
3960,DB04142
3961,DB04143
3962,DB04144
3963,DB04145
3964,DB04146
3965,DB04147
3966,DB04148
3967,DB04149
3968,DB04150
3969,DB04151
3970,DB04152
3971,DB04153
3972,DB04154
3973,DB04155
3974,DB04156
3975,DB04157
3976,DB04158
3977,DB04159
3978,DB04160
3979,DB04161
3980,DB04162
3981,DB04163
3982,DB04164
3983,DB04165
3984,DB04166
3985,DB04167
3986,DB04168
3987,DB04169
3988,DB04170
3989,DB04171
3990,DB04172
3991,DB04173
3992,DB04174
3993,DB04175
3994,DB04176
3995,DB04177
3996,DB04178
3997,DB04179
3998,DB04180
3999,DB04181
4000,DB04182
4001,DB04183
4002,DB04184
4003,DB04185
4004,DB04186
4005,DB04187
4006,DB04188
4007,DB04189
4008,DB04190
4009,DB04191
4010,DB04193
4011,DB04194
4012,DB04195
4013,DB04196
4014,DB04197
4015,DB04198
4016,DB04199
4017,DB04200
4018,DB04201
4019,DB04202
4020,DB04203
4021,DB04204
4022,DB04205
4023,DB04206
4024,DB04207
4025,DB04208
4026,DB04209
4027,DB04210
4028,DB04211
4029,DB04212
4030,DB04213
4031,DB04214
4032,DB04215
4033,DB04216
4034,DB04217
4035,DB04218
4036,DB04219
4037,DB04220
4038,DB04221
4039,DB04222
4040,DB04223
4041,DB04224
4042,DB04225
4043,DB04226
4044,DB04227
4045,DB04228
4046,DB04229
4047,DB04230
4048,DB04231
4049,DB04232
4050,DB04233
4051,DB04234
4052,DB04235
4053,DB04236
4054,DB04237
4055,DB04238
4056,DB04239
4057,DB04240
4058,DB04241
4059,DB04242
4060,DB04243
4061,DB04244
4062,DB04245
4063,DB04246
4064,DB04247
4065,DB04248
4066,DB04249
4067,DB04250
4068,DB04251
4069,DB04252
4070,DB04253
4071,DB04254
4072,DB04255
4073,DB04256
4074,DB04257
4075,DB04258
4076,DB04259
4077,DB04260
4078,DB04261
4079,DB04262
4080,DB04263
4081,DB04264
4082,DB04265
4083,DB04266
4084,DB04267
4085,DB04268
4086,DB04269
4087,DB04270
4088,DB04271
4089,DB04272
4090,DB04273
4091,DB04274
4092,DB04275
4093,DB04276
4094,DB04277
4095,DB04278
4096,DB04279
4097,DB04280
4098,DB04281
4099,DB04282
4100,DB04283
4101,DB04284
4102,DB04285
4103,DB04286
4104,DB04287
4105,DB04288
4106,DB04289
4107,DB04290
4108,DB04291
4109,DB04292
4110,DB04293
4111,DB04294
4112,DB04295
4113,DB04296
4114,DB04297
4115,DB04298
4116,DB04299
4117,DB04300
4118,DB04301
4119,DB04302
4120,DB04303
4121,DB04304
4122,DB04305
4123,DB04306
4124,DB04307
4125,DB04308
4126,DB04310
4127,DB04311
4128,DB04312
4129,DB04313
4130,DB04314
4131,DB04315
4132,DB04316
4133,DB04317
4134,DB04318
4135,DB04319
4136,DB04320
4137,DB04321
4138,DB04322
4139,DB04323
4140,DB04324
4141,DB04325
4142,DB04326
4143,DB04327
4144,DB04328
4145,DB04329
4146,DB04330
4147,DB04331
4148,DB04332
4149,DB04333
4150,DB04334
4151,DB04336
4152,DB04337
4153,DB04338
4154,DB04339
4155,DB04340
4156,DB04341
4157,DB04342
4158,DB04343
4159,DB04344
4160,DB04345
4161,DB04346
4162,DB04347
4163,DB04348
4164,DB04349
4165,DB04350
4166,DB04351
4167,DB04352
4168,DB04353
4169,DB04355
4170,DB04356
4171,DB04357
4172,DB04359
4173,DB04360
4174,DB04361
4175,DB04362
4176,DB04363
4177,DB04364
4178,DB04365
4179,DB04366
4180,DB04367
4181,DB04368
4182,DB04369
4183,DB04370
4184,DB04371
4185,DB04372
4186,DB04373
4187,DB04374
4188,DB04375
4189,DB04376
4190,DB04377
4191,DB04378
4192,DB04379
4193,DB04380
4194,DB04381
4195,DB04382
4196,DB04383
4197,DB04385
4198,DB04386
4199,DB04387
4200,DB04388
4201,DB04389
4202,DB04390
4203,DB04391
4204,DB04392
4205,DB04393
4206,DB04394
4207,DB04395
4208,DB04396
4209,DB04397
4210,DB04398
4211,DB04399
4212,DB04400
4213,DB04401
4214,DB04402
4215,DB04403
4216,DB04404
4217,DB04405
4218,DB04406
4219,DB04407
4220,DB04408
4221,DB04409
4222,DB04410
4223,DB04411
4224,DB04412
4225,DB04415
4226,DB04416
4227,DB04417
4228,DB04418
4229,DB04419
4230,DB04421
4231,DB04422
4232,DB04423
4233,DB04424
4234,DB04425
4235,DB04426
4236,DB04427
4237,DB04428
4238,DB04429
4239,DB04430
4240,DB04431
4241,DB04432
4242,DB04433
4243,DB04434
4244,DB04435
4245,DB04436
4246,DB04437
4247,DB04438
4248,DB04439
4249,DB04440
4250,DB04441
4251,DB04442
4252,DB04443
4253,DB04444
4254,DB04445
4255,DB04446
4256,DB04447
4257,DB04448
4258,DB04449
4259,DB04450
4260,DB04451
4261,DB04452
4262,DB04453
4263,DB04454
4264,DB04455
4265,DB04456
4266,DB04457
4267,DB04458
4268,DB04459
4269,DB04460
4270,DB04461
4271,DB04462
4272,DB04463
4273,DB04464
4274,DB04465
4275,DB04466
4276,DB04467
4277,DB04469
4278,DB04470
4279,DB04471
4280,DB04472
4281,DB04473
4282,DB04474
4283,DB04476
4284,DB04477
4285,DB04478
4286,DB04479
4287,DB04480
4288,DB04481
4289,DB04482
4290,DB04483
4291,DB04484
4292,DB04485
4293,DB04486
4294,DB04487
4295,DB04488
4296,DB04489
4297,DB04490
4298,DB04491
4299,DB04492
4300,DB04493
4301,DB04494
4302,DB04495
4303,DB04496
4304,DB04497
4305,DB04498
4306,DB04499
4307,DB04500
4308,DB04501
4309,DB04502
4310,DB04503
4311,DB04504
4312,DB04505
4313,DB04507
4314,DB04508
4315,DB04509
4316,DB04510
4317,DB04511
4318,DB04512
4319,DB04513
4320,DB04514
4321,DB04515
4322,DB04516
4323,DB04517
4324,DB04518
4325,DB04519
4326,DB04520
4327,DB04521
4328,DB04522
4329,DB04523
4330,DB04524
4331,DB04525
4332,DB04526
4333,DB04527
4334,DB04528
4335,DB04529
4336,DB04530
4337,DB04531
4338,DB04532
4339,DB04533
4340,DB04534
4341,DB04535
4342,DB04536
4343,DB04537
4344,DB04538
4345,DB04539
4346,DB04540
4347,DB04541
4348,DB04542
4349,DB04543
4350,DB04544
4351,DB04545
4352,DB04546
4353,DB04547
4354,DB04548
4355,DB04549
4356,DB04551
4357,DB04553
4358,DB04554
4359,DB04555
4360,DB04556
4361,DB04557
4362,DB04558
4363,DB04559
4364,DB04560
4365,DB04561
4366,DB04562
4367,DB04563
4368,DB04564
4369,DB04565
4370,DB04566
4371,DB04567
4372,DB04568
4373,DB04569
4374,DB04577
4375,DB04578
4376,DB04579
4377,DB04580
4378,DB04581
4379,DB04582
4380,DB04583
4381,DB04584
4382,DB04585
4383,DB04586
4384,DB04588
4385,DB04590
4386,DB04591
4387,DB04592
4388,DB04593
4389,DB04594
4390,DB04595
4391,DB04596
4392,DB04597
4393,DB04598
4394,DB04599
4395,DB04600
4396,DB04601
4397,DB04602
4398,DB04604
4399,DB04605
4400,DB04606
4401,DB04607
4402,DB04608
4403,DB04609
4404,DB04610
4405,DB04612
4406,DB04613
4407,DB04614
4408,DB04615
4409,DB04616
4410,DB04617
4411,DB04618
4412,DB04619
4413,DB04620
4414,DB04622
4415,DB04623
4416,DB04624
4417,DB04626
4418,DB04627
4419,DB04628
4420,DB04629
4421,DB04630
4422,DB04631
4423,DB04632
4424,DB04633
4425,DB04634
4426,DB04635
4427,DB04636
4428,DB04637
4429,DB04638
4430,DB04639
4431,DB04640
4432,DB04641
4433,DB04642
4434,DB04643
4435,DB04644
4436,DB04645
4437,DB04646
4438,DB04647
4439,DB04648
4440,DB04649
4441,DB04650
4442,DB04651
4443,DB04652
4444,DB04653
4445,DB04654
4446,DB04655
4447,DB04656
4448,DB04657
4449,DB04658
4450,DB04659
4451,DB04660
4452,DB04661
4453,DB04662
4454,DB04663
4455,DB04664
4456,DB04665
4457,DB04669
4458,DB04672
4459,DB04673
4460,DB04674
4461,DB04675
4462,DB04676
4463,DB04677
4464,DB04678
4465,DB04679
4466,DB04680
4467,DB04681
4468,DB04682
4469,DB04683
4470,DB04684
4471,DB04685
4472,DB04687
4473,DB04688
4474,DB04689
4475,DB04690
4476,DB04692
4477,DB04693
4478,DB04694
4479,DB04695
4480,DB04696
4481,DB04697
4482,DB04698
4483,DB04699
4484,DB04700
4485,DB04701
4486,DB04702
4487,DB04704
4488,DB04705
4489,DB04706
4490,DB04707
4491,DB04708
4492,DB04709
4493,DB04710
4494,DB04712
4495,DB04713
4496,DB04714
4497,DB04715
4498,DB04716
4499,DB04717
4500,DB04718
4501,DB04719
4502,DB04720
4503,DB04721
4504,DB04722
4505,DB04723
4506,DB04724
4507,DB04726
4508,DB04728
4509,DB04729
4510,DB04731
4511,DB04732
4512,DB04733
4513,DB04734
4514,DB04735
4515,DB04736
4516,DB04737
4517,DB04738
4518,DB04739
4519,DB04740
4520,DB04741
4521,DB04742
4522,DB04743
4523,DB04744
4524,DB04745
4525,DB04746
4526,DB04747
4527,DB04748
4528,DB04749
4529,DB04750
4530,DB04751
4531,DB04752
4532,DB04753
4533,DB04754
4534,DB04756
4535,DB04757
4536,DB04758
4537,DB04759
4538,DB04760
4539,DB04761
4540,DB04762
4541,DB04763
4542,DB04764
4543,DB04765
4544,DB04766
4545,DB04767
4546,DB04768
4547,DB04769
4548,DB04770
4549,DB04771
4550,DB04772
4551,DB04773
4552,DB04774
4553,DB04775
4554,DB04776
4555,DB04777
4556,DB04778
4557,DB04779
4558,DB04780
4559,DB04781
4560,DB04782
4561,DB04783
4562,DB04784
4563,DB04785
4564,DB04787
4565,DB04788
4566,DB04789
4567,DB04790
4568,DB04791
4569,DB04792
4570,DB04793
4571,DB04795
4572,DB04796
4573,DB04797
4574,DB04798
4575,DB04799
4576,DB04800
4577,DB04801
4578,DB04803
4579,DB04805
4580,DB04806
4581,DB04807
4582,DB04808
4583,DB04809
4584,DB04810
4585,DB04811
4586,DB05248
4587,DB00886
4588,DB01656
4589,DB02342
4590,DB03348
4591,DB03516
4592,DB04335
4593,DB04468
4594,DB04725
4595,DB04849
4596,DB04850
4597,DB04851
4598,DB04852
4599,DB04853
4600,DB04854
4601,DB04855
4602,DB04856
4603,DB04857
4604,DB04858
4605,DB04859
4606,DB04860
4607,DB04862
4608,DB04863
4609,DB04864
4610,DB04865
4611,DB04866
4612,DB04867
4613,DB04869
4614,DB04870
4615,DB04872
4616,DB04873
4617,DB04874
4618,DB04875
4619,DB04879
4620,DB04881
4621,DB04882
4622,DB04883
4623,DB04884
4624,DB04885
4625,DB04886
4626,DB04887
4627,DB04888
4628,DB04889
4629,DB04891
4630,DB04892
4631,DB04903
4632,DB04905
4633,DB04908
4634,DB04909
4635,DB04910
4636,DB04911
4637,DB04915
4638,DB04917
4639,DB04918
4640,DB04920
4641,DB04924
4642,DB04926
4643,DB04931
4644,DB04933
4645,DB04936
4646,DB04938
4647,DB04944
4648,DB04945
4649,DB04946
4650,DB04947
4651,DB04951
4652,DB04952
4653,DB04953
4654,DB04954
4655,DB04957
4656,DB04960
4657,DB04961
4658,DB04970
4659,DB04972
4660,DB04977
4661,DB04982
4662,DB04983
4663,DB04996
4664,DB05003
4665,DB05009
4666,DB05013
4667,DB05016
4668,DB05022
4669,DB05025
4670,DB05034
4671,DB05038
4672,DB05039
4673,DB05057
4674,DB05067
4675,DB05076
4676,DB05083
4677,DB05087
4678,DB05088
4679,DB05095
4680,DB05100
4681,DB05102
4682,DB05104
4683,DB05105
4684,DB05107
4685,DB05123
4686,DB05128
4687,DB05129
4688,DB05137
4689,DB05143
4690,DB05154
4691,DB05171
4692,DB05186
4693,DB05197
4694,DB05219
4695,DB05229
4696,DB05232
4697,DB05234
4698,DB05251
4699,DB05252
4700,DB05262
4701,DB05279
4702,DB05284
4703,DB05286
4704,DB05287
4705,DB05288
4706,DB05289
4707,DB05291
4708,DB05294
4709,DB05295
4710,DB05296
4711,DB05297
4712,DB05298
4713,DB05302
4714,DB05314
4715,DB05316
4716,DB05318
4717,DB05327
4718,DB05339
4719,DB05340
4720,DB05343
4721,DB05347
4722,DB05360
4723,DB05366
4724,DB05373
4725,DB05375
4726,DB05377
4727,DB05378
4728,DB05379
4729,DB05381
4730,DB05382
4731,DB05383
4732,DB05384
4733,DB05388
4734,DB05398
4735,DB05399
4736,DB05400
4737,DB05409
4738,DB05413
4739,DB05414
4740,DB05416
4741,DB05424
4742,DB05426
4743,DB05428
4744,DB05434
4745,DB05436
4746,DB05442
4747,DB05444
4748,DB05445
4749,DB05446
4750,DB05448
4751,DB05456
4752,DB05458
4753,DB05460
4754,DB05461
4755,DB05462
4756,DB05465
4757,DB05475
4758,DB05478
4759,DB05479
4760,DB05482
4761,DB05488
4762,DB05490
4763,DB05492
4764,DB05494
4765,DB05508
4766,DB05511
4767,DB05521
4768,DB05540
4769,DB05541
4770,DB05659
4771,DB05665
4772,DB05708
4773,DB05719
4774,DB05738
4775,DB05762
4776,DB05786
4777,DB05790
4778,DB05791
4779,DB05792
4780,DB05794
4781,DB05796
4782,DB05800
4783,DB05804
4784,DB05806
4785,DB05812
4786,DB05815
4787,DB05817
4788,DB05823
4789,DB05824
4790,DB05830
4791,DB05837
4792,DB05838
4793,DB05853
4794,DB05855
4795,DB05861
4796,DB05864
4797,DB05869
4798,DB05871
4799,DB05875
4800,DB05884
4801,DB05885
4802,DB05891
4803,DB05893
4804,DB05927
4805,DB05940
4806,DB06085
4807,DB06090
4808,DB06159
4809,DB06185
4810,DB06190
4811,DB06191
4812,DB06194
4813,DB06195
4814,DB06199
4815,DB06200
4816,DB06202
4817,DB06203
4818,DB06204
4819,DB06206
4820,DB06209
4821,DB06210
4822,DB06212
4823,DB06213
4824,DB06215
4825,DB06216
4826,DB06217
4827,DB06218
4828,DB06219
4829,DB06258
4830,DB06281
4831,DB06368
4832,DB06370
4833,DB06429
4834,DB06433
4835,DB06436
4836,DB06446
4837,DB06448
4838,DB06515
4839,DB06536
4840,DB06558
4841,DB06581
4842,DB06586
4843,DB06594
4844,DB06605
4845,DB06614
4846,DB06623
4847,DB06635
4848,DB06685
